nombre,rtn,tipo_cliente
RAUL ANTON FARAJ,05021968002872,final
ROBERTO CARLOS RODAS,05011982020144,final
ROCO BURGUER HONDURAS S.DE R.L DE C.V,05019025154420,final
Roger Estuardo López Mejía,04101989004946,final
SANTOS VILLAFRANCA,13019019120828,final
SEMPRO INC S de R.L.,05019022419204,final
Servicio Eléctrico Valladares,05019995098476,final
SODECO S. DE R.L.,02099016845539,final
Transporte Ilangueño,05069998173521,final
URBANISADORA MONTERREY,18069015794750,constructora
WILFREDO GOMEZ PINEDA,05011964083040,final
WILFREDO GOMEZ PINEDA,05011964083041,final
Inversiones y Servicios Mathis,05019019158446,final
INVERSIONES YOSKARA,05019018034923,final
Iversiones Murillo Aguilera,01071989035165,final
JUVENAL TORRES CALDERON,04131997009980,final
MARCOS TULIO HERNANDEZ,16211989004590,final
MUNDO CERÁMICO S DE R.L,02099025138759,final
NELSON CASTILLO,18041994036135,final
Neo Studio Arquitectos,05019021282235,arquitecto
OCEANICA S.A DE C.V.,05019022426619,final
OTC e INVERSIONES S.A de C.V.,05019999180166,final
PEDRO MEJIA LUNA,10071968002110,final
PISOS Y GRANITOS,18019022447751,ferreteria
PLAZA INTERLOMAS,18041983006334,final
FERRETERIA Y CERAMICAS EL BARATON S DE RL,05109024051755,ferreteria
FM Supply S.A de C.V.,05019025254442,final
GRUPO AITARMIN S. DE R.L.,10019016875383,final
Grupo Brajah S. de R.L.,18049017916717,final
INDECA,05019014638960,final
INDUSTRIAS TURISTICAS DE HONDURAS S.A. DE C.V.,08019003242452,final
INMOBILIARIA MAR,05019017953228,constructora
Inmobiliaria y constructora Inmaer,07039015782418,constructora
INSECONOR,05019014703546,final
INVERLA,05061962010863,final
Inversiones Bemusa,05019011413059,final
Inversiones Elmer,05101975006409,final
INVERSIONES MILANO S. DE R.L,05019022437491,final
Inversiones Perdomo,05111986010761,final
INVERSIONES S FANCONI S DE RL,05019021293328,final
Agrocuyamel,15031982015581,final
Aurora Emely Carranza Toro,08011974013895,final
BESSY CAROL AYALA GUTIERREZ,05061985025035,final
CASA COMERCIAL RICARDO J. BENDECK,18041958000760,ferreteria
CERAMICAS DEMIFRAN,04051970001770,ferreteria
CERAMICAS Y MAS,08019002277587,ferreteria
CLAUDIO ARTURO ROJAS SANTOS,08011969032609,final
CONSTRUCCION COMERCIAL VILLA,03181989017003,constructora
CONSTRUCTORA BETEL,05019020215952,constructora
Constructora Los Zorzales,16211983001627,constructora
CONSTRUCTORA NABLUS,18071986020954,constructora
DISERCO,05019002067400,final
FERRETERIA EL PROGRESO,14011978005736,ferreteria
"FERRETERIA FARAJ, S.A DE C.V",05019002184650,ferreteria
