codigo,nombre,categoria,unidad,costo_promedio,notas
WP-28,Eco Protector galon,sellador,galon,680.0,Ingrediente de Castillo Europeo Onyx (WizPOS)
WP-48,Cemento Gris lb,cemento,lb,1.6,Costo tomado del reporte WizPOS (29-sep-2026): confirmar con la última factura de compra
WP-49,Agregado Lb,agregado,lb,6.0,Costo tomado del reporte WizPOS (29-sep-2026): confirmar con la última factura de compra
WP-50,Cemento Blanco lb,cemento,lb,4.6,Costo tomado del reporte WizPOS (29-sep-2026): confirmar con la última factura de compra
WP-51,Color Amarillo Lb,pigmento,lb,52.27,Costo tomado del reporte WizPOS (29-sep-2026): confirmar con la última factura de compra
WP-52,Color Negro Lb,pigmento,lb,47.05,Costo tomado del reporte WizPOS (29-sep-2026): confirmar con la última factura de compra
WP-53,Color Rojo Lb,pigmento,lb,49.66,Costo tomado del reporte WizPOS (29-sep-2026): confirmar con la última factura de compra
WP-54,Caja QF c/separador,empaque,unidad,43.0,Costo tomado del reporte WizPOS (29-sep-2026): confirmar con la última factura de compra
WP-55,Caja travertino c/ separador,empaque,unidad,51.0,Costo tomado del reporte WizPOS (29-sep-2026): confirmar con la última factura de compra
WP-57,Caja Risco c/separador,empaque,unidad,51.23,Costo tomado del reporte WizPOS (29-sep-2026): confirmar con la última factura de compra
WP-58,Caja Monasterio c/separador,empaque,unidad,55.11,Costo tomado del reporte WizPOS (29-sep-2026): confirmar con la última factura de compra
WP-59,Caja Castillo c/separador,empaque,unidad,56.25,Costo tomado del reporte WizPOS (29-sep-2026): confirmar con la última factura de compra
