producto,insumo,cantidad_m2
WP-11,WP-49,13.8
WP-11,WP-50,26.54
WP-11,WP-59,1.0
WP-10,WP-48,31.5
WP-10,WP-49,13.8
WP-10,WP-51,1.0
WP-10,WP-52,0.1
WP-10,WP-53,0.2
WP-10,WP-59,1.0
WP-12,WP-48,31.5
WP-12,WP-49,13.8
WP-12,WP-52,3.8
WP-12,WP-59,1.0
WP-13,WP-28,0.05
WP-13,WP-48,31.5
WP-13,WP-49,13.8
WP-13,WP-52,4.0
WP-13,WP-59,1.0
WP-20,WP-48,31.05
WP-20,WP-49,11.5
WP-20,WP-51,0.1
WP-20,WP-52,1.9
WP-20,WP-53,0.1
WP-20,WP-57,1.0
WP-23,WP-49,11.5
WP-23,WP-50,26.53
WP-23,WP-51,0.2
WP-23,WP-52,0.05
WP-23,WP-53,0.05
WP-23,WP-57,1.0
WP-47,WP-49,11.5
WP-47,WP-50,26.54
WP-47,WP-51,0.1
WP-47,WP-52,0.1
WP-47,WP-53,0.05
WP-47,WP-57,1.0
WP-22,WP-48,31.05
WP-22,WP-49,11.5
WP-22,WP-52,0.2
WP-22,WP-57,1.0
WP-21,WP-48,31.05
WP-21,WP-49,11.5
WP-21,WP-51,0.2
WP-21,WP-52,1.1
WP-21,WP-53,0.2
WP-21,WP-57,1.0
WP-18,WP-48,31.5
WP-18,WP-49,13.8
WP-18,WP-51,0.3
WP-18,WP-52,0.1
WP-18,WP-53,0.1
WP-18,WP-59,1.0
WP-19,WP-28,0.05
WP-19,WP-48,31.5
WP-19,WP-49,13.8
WP-19,WP-51,0.1
WP-19,WP-52,1.1
WP-19,WP-53,0.1
WP-19,WP-59,1.0
WP-17,WP-49,12.65
WP-17,WP-50,26.54
WP-17,WP-58,1.0
WP-14,WP-48,31.5
WP-14,WP-49,12.65
WP-14,WP-51,0.3
WP-14,WP-52,0.2
WP-14,WP-53,0.05
WP-14,WP-58,1.0
WP-15,WP-48,31.5
WP-15,WP-49,12.65
WP-15,WP-51,0.3
WP-15,WP-52,1.3
WP-15,WP-53,1.3
WP-15,WP-58,1.0
WP-16,WP-48,31.5
WP-16,WP-49,12.65
WP-16,WP-52,2.0
WP-16,WP-58,1.0
WP-2,WP-48,31.5
WP-2,WP-49,10.35
WP-2,WP-51,0.32
WP-2,WP-52,0.3
WP-2,WP-53,0.3
WP-2,WP-54,1.0
WP-5,WP-48,31.5
WP-5,WP-49,10.35
WP-5,WP-51,0.2
WP-5,WP-52,0.1
WP-5,WP-54,1.0
WP-8,WP-49,10.35
WP-8,WP-50,26.6
WP-8,WP-51,0.1
WP-8,WP-52,0.1
WP-8,WP-53,0.1
WP-8,WP-54,1.0
WP-3,WP-48,31.5
WP-3,WP-49,10.35
WP-3,WP-51,0.3
WP-3,WP-52,0.1
WP-3,WP-53,0.1
WP-3,WP-54,1.0
WP-1,WP-48,31.5
WP-1,WP-49,10.35
WP-1,WP-51,0.3
WP-1,WP-52,0.2
WP-1,WP-53,0.2
WP-1,WP-54,1.0
WP-4,WP-48,31.5
WP-4,WP-49,10.35
WP-4,WP-52,0.6
WP-4,WP-54,1.0
WP-9,WP-48,31.5
WP-9,WP-49,10.35
WP-9,WP-51,0.4
WP-9,WP-52,0.2
WP-9,WP-53,0.4
WP-9,WP-54,1.0
WP-7,WP-48,31.5
WP-7,WP-49,10.35
WP-7,WP-54,1.0
WP-6,WP-48,31.5
WP-6,WP-49,10.35
WP-6,WP-52,1.1
WP-6,WP-53,0.1
WP-6,WP-54,1.0
WP-26,WP-49,12.65
WP-26,WP-50,26.53
WP-26,WP-55,1.0
WP-24,WP-49,12.65
WP-24,WP-50,26.55
WP-24,WP-51,1.0
WP-24,WP-52,0.1
WP-24,WP-53,0.1
WP-24,WP-55,1.0
WP-25,WP-48,31.5
WP-25,WP-49,12.65
WP-25,WP-51,0.2
WP-25,WP-52,0.2
WP-25,WP-53,0.2
WP-25,WP-55,1.0
WP-27,WP-48,31.5
WP-27,WP-49,12.65
WP-27,WP-52,2.0
