nombre,rtn,direccion,telefono,correo
360 INNOVATION,05019016835735,,,
"3V Global, S.A.de C.V.",05019020238098,,,
"ABACO INTERNACIONAL, S.A.",08019018064715,,,
ABALON CONSTRUCTORES,05019016839641,,,
ABARROTERIA SUPER BARATO,05019000047401,,,
ABITA SUPERALIMENT S DE R L,08019021313522,,,
AC TALENTOS,08019015743201,,,
ACARREO Y MAQUINARIA NDE CONSTRUCCION S DE RL,18049002006026,,,
ACCESA HN SA,08109024581150,,,
ACCESORIOS PARA VAPOR S. DE R. L,05019002062392,,,
ACCESS,05019016817683,,,
Ad Balance,05019020237932,,,
ADA ZUNIGA,05031992005188,,,
ADAMI HARU RIOS FLORES,08012019150865,,,
ADC S. DE R.L.,05019022390648,,,
ADELMA,05019021323324,,,
Adhara S De R.L,05019019083360,,,
ADIEEDS,08019001212002,,,
ADINSA,05019003083381,,,
ADMINISTRACION DE CALL CENTERS S.A DE C.V,05019011441357,,,
ADMINISTRADORA DE INMUEBLES,08019022406626,,,
ADMINISTRADORA TECNICA DE SEGUROS,05019995161650,,,
ADMINISTRADORA TECNICA DE SEGUROS,05019955161650,,,
ADRIANA BEATRIZ ZELAYA FLORES,05011991099428,,,
AGENCIA ADUANERA TREJO,05019011396740,,,
AGENCIA DE SEGURIDAD PRIVADA LEON,05019023558702,,,
AGENCIA DIGITAL AZUL HONDURAS,08019023555719,,,
Agencia Global S.A de C.V,05019999177070,,,
AGENCIA LA MUNDIAL S A DE CV,05019003076139,,,
AGROLIDER,05019023498475,,,
AGUSTIN BUESO ENGELHARDT,05011962060210,,,
AGUSTIN OSEGUERA MADRID,05011976004525,,,
AHSOLUTIONSHN S.DE R.L,05019022369113,,,
AI CASAMASA,05018013551668,,,
Aida Argentina Orellana Muños,16141984002786,,,
AIDA EMILENE ALVARADO CERRATO,05011985118566,,,
AIDA OTOMI RODAS JUAREZ,05011971062921,,,
AIRCOM HONDURAS,05019023463613,,,
AL DENTE,05019020218706,,,
ALBA KARINA CASCO NUÑEZ,08011990002366,,,
ALBA LEONELA RIVAS IRIAS,08011987076661,,,
ALBECASA,05019016884386,,,
ALEJANDRA ALFARO,05012008084843,,,
ALEJANDRA ISABEL GRANDE,05011984101999,,,
ALEJANDRA MARCELA ZAMORA MITRY,08012013173670,,,
ALEJANDRA MARIA FLORES,05011990103410,,,
Alejandra Maria Noriega Rodriguez,16031998002523,,,
ALEJANDRA MARIA SAYBE,05011989126930,,,
ALEJANDRO CABALLERO LOPEZ,05011988083613,,,
Alejandro Javier Albir,05018007084927,,,
ALEJANDRO JOSUE HERNANDEZ IZAGUIRRE,03011981023028,,,
ALEJANDRO LARACH,05011959001049,,,
ALEJANDRO MESTRE ARGUDIN,08018024581457,,,
ALEX ALBERTO BOTTO,18041962012271,,,
ALEX ARAGON,05011985063987,,,
Alex Eduardo Amaya Leiva,05011990123744,,,
ALEXANDRA PEREZ,05012001066520,,,
ALEXIS RAMIREZ FLETEZ,05011971005960,,,
ALGIRIS CALIX,17061954001189,,,
ALIANZA CONSULTING REALITIES,05019021248340,,,
Alicia Michelle Breuillet,05011998053630,,,
ALIMENTOS DE LA AGUAN,18079000009489,,,
ALIMENTOS DE SULA S. DE R.L.,05019015741383,,,
ALIMENTOS MALVISA,05019002057425,,,
ALIMENTOS PROCESADOS DON NICHO,05019020215091,,,
ALIMENTOS ROSA S. DE R. L.,05019022350995,,,
ALLISON RAQUEL SERRANO RODRIGUEZ,08011991205982,,,
Almacen El Canal,05019008150214,,,
ALMACEN EL JORDAN S DE RL,18049001003902,,,
ALMACEN ELLA Y EL,18041960020023,,,
ALMILCAR JOSE CAMACHO HERNANDEZ,05012004057295,,,
Alonso Avila Ewens,18041975031938,,,
ALTER PHARMA,08019016855597,,,
ALTERNATIVAS DE SALUD S DE RL DE CV,08019017938856,,,
ALUMINIOS Y VIDRIOS MARANATHA,05019003083977,,,
ALVARO CONTRERAS,03131950001177,,,
AM inversiones s de rl,05019021327182,,,
AMERICAN HOME,05019022391620,,,
AMERICAN MARKET S DE R L DE CV,05019012529034,,,
amor viviente,05019002057701,,,
AMPRO S DE R.L,05019015737307,,,
AMSPEC,05019005461209,,,
ANA CECILIA FERRUFINO GONZALES,18041995000418,,,
ANA CECILIA LOPEZ MUñOZ,05011972025532,,,
ANA IRIAS,05011969003167,,,
ANA JACQUELINE IRIAS LOPEZ,05011969003161,,,
ANA LUISA MARTINEZ MARTINEZ,04131979002300,,,
ANA MARGARITA SABILLON IRIAS,05011996083483,,,
ANA ZUNIGA,16161970001678,,,
ANCO,05019023482140,,,
ANDREA ALEJANDRA SERPAS ZEPEDA,05011993262269,,,
ANDREA ALEJANDRA SERPAS ZEPEDA,05011993062249,,,
Andrea Kafati,08011995101470,,,
ANDREA NICOLE CASTRO CONTRERAS,05011990028459,,,
ANDREA PAOLA VALLECILLO FLORES,07031997002560,,,
ANETT MENDEZ,05061974013694,,,
ANGEL ENRIQUE TURCIOS CACERES,08011976115813,,,
ANGEL SANTIAGO FUNES MEJIA,05011986094090,,,
ANGIE ANDONIE,05011994034150,,,
ANGIE GISSELA ZELAYA CASTRO,05011997023290,,,
ANMAR S. DE R.L,05019020198783,,,
ANNETTE SUSEL NUNEZ LOPEZ,05011996128467,,,
ANNY VALLADARES,08011993108053,,,
Anuar Jacobo Chahin Yacaman,05011965013747,,,
APAN,05019995113153,,,
AQUAFEED SA DE CV,05019012446525,,,
ARAGON VALENCIA ASOCIADOS,08019009205711,,,
ARCA TECNOLOGIES,05019021316961,,,
ARCH HONDURAS,08019022368312,,,
ARCH HONDURAS S DE RL DE CV,08019022368313,,,
ARELY GUADALUPE ORDONEZ GUEVARA,06011982041229,,,
AREMA,08011976032546,,,
ARGOS HONDURAS SA DE CV,03019003258145,,,
ARIANA MEJIA EVENTOS S DE RL,08019024590232,,,
ARIEL EDMUNDO FAJARDO RIVERA,05011989000677,,,
ARNOLD ANTONIO MONTES,18111975003100,,,
ARNOLDO SOLIS,08011940026294,,,
ARNULFO ANDRES MALDONADO SANTOS,15021994003425,,,
ARQUITECTOS ASOCIADOS S. DE R.L,18049012461604,,,
ARTEKA HONDURAS,05019025274515,,,
Arysta Lifescience dc Guatemala,00000024534536,,,
ARYSTA LIFESCIENCE DE GUATEMALA,24534536000000,,,
ASEAL DE HONDURAS S.A,08019007105840,,,
ASESORES CON EXPERIENCIA S. DE R. L,05019022418611,,,
ASHLEY GARCIA ORELLANA,17061988003399,,,
ASI NETWORK,16189012479757,,,
ASIMEC S. De R.L De C.V.,05029026406090,,,
ASOCIACION ATLANTICA DE LOS ADVENTISTAS,08019019085244,,,
ASOCIACION BARRACON DIGITAL,08019024627907,,,
ASOCIACION INTERNACIONAL MINISTERIO UN NUEVO AMANECER,05129005459169,,,
ASTRA LOGISTICS,16131996008129,,,
ATENAS CABLE TV,01071964011047,,,
ATENCIONES INFORMATICAS DE HONDURAS,05019018985387,,,
AUTO REPUESTOS ARNOL,05011964068370,,,
AUTOEXCEL SA DE CV,08019002281440,,,
AVICOLA LA DELICIAS,05081964002396,,,
AYG CONSOULTING S DE RL DE CV,05019023517106,,,
AZ COMERCIAL,08019001228290,,,
AZUL INVERSIONES,05019023504069,,,
BALRESA,05019004091072,,,
BANCO ATLANTIDA,08011995368674,,,
Banco Atlántida,08019995368674,,,
BANCO DEL PAIS,08019995140489,,,
BANCO LAFISE,08019997377947,,,
Barbara Soraya Pineda Mejia,05011988100642,,,
BEAUTY4YOU STUDIO,05022002011315,,,
BENEFICIO DE CAFE MONTECRISTO S.A.,04019001048880,,,
BEONTUOR,05019017969828,,,
BERNARDO ANTONIO TABLAS GODOY,05011987001356,,,
BINTEC S.A,08019019100300,,,
BIP SERVICES S DE RL DE C.V,05019021274444,,,
BLANCA LUZ PAZ HANSON,05011950005075,,,
BLANCA ROMANY ALEMAN RODRIGUEZ,07041991004120,,,
BLANCA ROSA UMAñA ORDOÑEZ,08011988025554,,,
Bodega Umanzor,18049000004216,,,
BOOC,05019016891301,,,
BOOK N GO,05019015802350,,,
BOOK N GO,05019023520692,,,
BOOST DIGITAL SA,08019024604131,,,
boutique baby king,05019995100304,,,
BOUTIQUE DEL PAN,05019008169391,,,
BRAINS Y BRANDS S. DE R.L,05019018998262,,,
BRAYAN ALEXANDER ENAMORADO,05011993143734,,,
BRENDA DEL CARMEN DUBON SOTO,14011972004390,,,
BRENDA SOLORZANO,05021980003407,,,
BRITISH AMERICAN TOBACCO,05029001001448,,,
BRYAN EDUARDO ALEMAN FLORES,05011995045727,,,
BTL HONDURAS S DE RL DE,05019021323508,,,
BTL SOLUCIONES,05011987060956,,,
BYRON ALEXANDER DIMAS CASTELLANOS,05011986022578,,,
c r groups,05019022444266,,,
CABLE YOJOA,05019003184722,,,
CACORA,08019013548799,,,
CADECA,08019003259634,,,
CAI,05091971001482,,,
CAPESA,18049005473636,,,
CAPH S DE RL,05019019106044,,,
CARALSA,05069012525614,,,
CARGILL DE HONDURAS S DE RL,05019001049230,,,
Carlos Alberto Mejia Puerto,05011970079456,,,
CARLOS ALFONSO SANDOVAL SEGURA,05011980049885,,,
carlos antonio martinez zepeda,14011991001820,,,
CARLOS ANTONIO ORELLANA KURY,05011982026483,,,
CARLOS ARMANDO RODRIGUEZ VASQUEZ,05011992134659,,,
CARLOS AUGUSTO VILLAR ACUñA,05011976056088,,,
CARLOS CERNA,08011997210375,,,
CARLOS EDUARDO ALVARENGA COLORADO,05011999130650,,,
CARLOS ISAC FLORES LOPEZ,05061974005013,,,
CARLOS LAMA,08011969085730,,,
CARLOS OSEAS HERNANDEZ GRANADOS,05011997023179,,,
CARLOS ROBERTO DUBON ELVIR,08011987003387,,,
CARLOS ROBERTO RAMOS ROSALES,08011974045464,,,
CARLOTA CABALLERO,05111958000697,,,
CARMEN IRENE CANALES GIRBAL,08011970001270,,,
CARMEN SOFIA LOPEZ FLORES,05011992093077,,,
CARMENZA DUARTE PAZ,18041959017794,,,
Carol Lopez,05121987009246,,,
CAROLINA ALONZO,08011977126758,,,
CAROLINA HERNANDEZ,14091982001819,,,
CASA COMERCIAL MATHEWS SA DE CV,08019995104557,,,
CASA UREL,05019022401578,,,
CASA UREL S. DE R.L.,05019022401278,,,
CASAPAN,08019002277110,,,
CEDEFRAN,05019021343588,,,
CELEO ORLANDO RAMIREZ PORTILLO,01071980015444,,,
CELESTE MARIA CERRATO SILVA,08012005163322,,,
CEMA DE R.L DE C.V,05019024602258,,,
CENTRAL LAW HONDURAS SA,05019007508183,,,
CENTRO COMERCIAL LOS ARCOS,08011979184204,,,
CENTRO INDUSTRIAL EL AGUILA SA,05019019107807,,,
CENTRO MEDICO ODONTOLOGICO S DE RL,05019022411219,,,
centro medico odontoogico,05019022411217,,,
centro quiropractico y nutricion celular s de rl de,05019020205599,,,
CERREDUNA ASEFL S DE RL,05019021340643,,,
CERVEN S DE RL,05019022353819,,,
CESAR EDUARDO SERVELLON MOLINA,08011992169502,,,
CESAR FERNANDO SOMOZA TORO,08011982011851,,,
CESAR PORTILLO CASTILLO,05011991077974,,,
CESAR SOMOZA BALLADARES,08011989084046,,,
CHICCOLANDIA,05019002062988,,,
CHOLOMA ELECTRIC POWER CORPORATIOS S.A. DE C.V.,05019022395700,,,
CHRISTIAN ALEXANDER DUSTIN,05011996079570,,,
CHRISTIAN ALEXANDER DUSTIN MEJIA DIAZ,05011996079750,,,
CIA MERCANTIL LA CASA BLANCA,05019995114857,,,
CIA S DE S.R.L.,05019018075912,,,
ciao gelato,08019023546599,,,
CIDSA,08019011436250,,,
CILASA,05019002060680,,,
CINDY ODETTE NUÑEZ RIVERA,01011990023645,,,
CLA,05019021305170,,,
CLAUDIA ALVAREZ BANEGAS,08011988119123,,,
CLAUDIA LETICIA URBINA MORAN,08011978072227,,,
CLAUDIA MARIA YANES SARMIENTO,05011983029480,,,
CLAUDIA OCHOA,05011972032730,,,
CLAUDIA VANESSA CASTILLO PEREZ,16181985000771,,,
CLAUDIO CANTOR,08011974033236,,,
CLIMATIZADOS INDUSTRIALES SEV S. DE R.L,05019021303240,,,
CLIMEFA,01059014658556,,,
CLINICA GOCESA,05061982011650,,,
CLUB DE PERROS ENTERTAINMENT,05019024067069,,,
CN SEGUROS,05019006484068,,,
COBECA,05019024082128,,,
codeis,05019003077740,,,
CODEPRO,05019019105690,,,
CODIS,08019003239610,,,
COFESA,05019010331758,,,
COI,05019015726832,,,
COIMAR,05019023527639,,,
COMERCIAL ALMIJAR,05019017964137,,,
COMERCIAL LA ROCA,05019002056978,,,
Comercial La Roca S de RL,05019002058978,,,
COMERCIAL M Y A SA DE CV,08019018998180,,,
COMERCIAL RAMIREZ,01019004004132,,,
COMERCIALIZADORA ABASPE,05019025252010,,,
"COMERCIALIZADORA VINELS, S DE R.L DE C.V",05019020215780,,,
COMIDA ESPECIALIZADAS,05019002058599,,,
COMPANIA INMOBILIARIA SA. DE C.V,05019002078146,,,
COMPASSION INTERNATIONAL INCORPORATED,08019000209781,,,
COMPORACION BM,05019016860250,,,
COMPRAS Y ACCIONES INTELIGENTES S. DE. R.L.,05019023541748,,,
COMPUTEC,05011980007218,,,
COMUNICACION CORPORATIVA HONDURAS S.A,05019007097505,,,
COMVIDA S DE RL,08019023553488,,,
CONASE,05019014643080,,,
CONCEPTOS GASTRONOMICOS,05019024594920,,,
CONINCA,05019002062668,,,
CONSTRUCCIONES CA,08019015741990,,,
CONSTRUCTORA FORTALEZA DE HONDURAS S. DE R.L. DE C.V,05019010339868,,,
CONSTRUCTORA GPS,05019016885303,,,
CONSTRUCTORA LA FE,05019001061557,,,
CONSTRUCTORA PAZ Y BIEN,05019015728176,,,
CONSTRUCTORA TECH 30 S DE R.L,05019017939976,,,
CONSTRUTECC,05019010282514,,,
CONSULTORES EN SOLUCIONES,01011976010160,,,
CONSULTORIA 360,05011976108568,,,
CONSUMEN LATIN,05019011380059,,,
CONSURENT. S DE R.L.,05019008200224,,,
CONTAMEH S R L,05019018076711,,,
CONTUR,05019019113334,,,
COOPERATIVA CHOROTEGA,06019995193805,,,
COOPERATIVA MIXTA IGUALDAD LIMITADA,08019016871087,,,
COPI PRINT,05019995161557,,,
COPINOC S.DE R.L,05099009218450,,,
CORPORACION ANDIFAR,08019014699549,,,
CORPORACION AURORA,05019012537384,,,
CORPORACION DIEK SA,05119002185718,,,
CORPORACION HONDURAS VISION S.A,08019020229100,,,
CORPORACION INDUSTRIAL HONDURENA,05019021275552,,,
CORPORACION INMOBILIARIA S.A,08019013563159,,,
CORPORACION LA CUMBRE,05019006481226,,,
CORPORACION P.K S. DE R.L. DE C.V.,05019022359356,,,
CORREDURIA CARVAJAL RODRIGUEZ,18049002006450,,,
"CORREDURIA DE SEGUROS B Y R,S.A.",05019022380402,,,
CORREDURIA DE SEGUROS J RUIZ DE RL,05019013549875,,,
CORTINA Y HOGAR,05011970001216,,,
COSMA,05019024050277,,,
COSMA,05019024057277,,,
COSTILLAL GRILL,08011987015956,,,
COSULTORA MOISES LARACH,05019000046164,,,
CRC ARQUITECTOS Y CONSTRUCTOR,05019022429678,,,
Cristian Peña,05011986039922,,,
CRISTY MARIA RAUDALES BARAHONA,08011973044175,,,
CTC,15031988014090,,,
CTI CREATIVE TRADE INNOVATIONS S A DE C V,08019016839125,,,
CYNTHIA CAROLINA VELASQUEZ MORALES,05011974055022,,,
D SANTOS JOYEROS SRLDE CV,05019995169900,,,
D'CASA,08019003249650,,,
DACA DE S. R.L,05019022397249,,,
damaris garcia,05011988007080,,,
DAMARIS JOSSELYN PADILLA,05011994067678,,,
DANIEL CHINCHILLA REYES,05011970001786,,,
DANIEL CHINCHILLA REYES,05011970001787,,,
DANIEL DAVID IZAGUIRRE LOPEZ,08011970099355,,,
DANIEL EDUARDO CALLEJAS ZELAYA,05011986007030,,,
DANIEL ENRIQUE DURAN MARTINEZ,18071991001913,,,
DANIEL MORALES ROGELL,05011994044936,,,
DANNEE ESCOTO,05011983081893,,,
DAVID AHIEZER VILLANUEVA UMAÑA,05012000148043,,,
DAVID ANTON HERNANDEZ ROSALES,05011977107040,,,
DAVID ANTONIO RAPALO,05011982075550,,,
DAVID ENRIQUE GOMEZ SABILLON,05011995027609,,,
DAVID LINARES,05011984094532,,,
DAVID LINNARES,05011984094535,,,
DAVID OCTAVIO VALLADARES BANEGAS,05011984001900,,,
DB ESPACIO INMOBILIARIOS S. DE R.L.,05019026338420,,,
DE TIN MARIN,05019017962024,,,
DEANE ELIOT ELWIN MORALES,11021988000190,,,
DEBRA GISSELLE COELLO RAMIREZ,05011989018577,,,
DECO MADERA,05011990020511,,,
DELASA S.A DE C.V,05019017939049,,,
DELMY ARACELY MEJIA MEJIA,14071969001136,,,
DELTA AIRLINES,08019006475499,,,
DENIA REYES,05011973048873,,,
DENIS ALEXANDER DERAS,05011987024494,,,
DENIS ALEXANDER DERAS DERAS,05011987023494,,,
DENNIS CARIAS,05011983029160,,,
DENNIS WILLIAMS EUCEDA CHAVEZ,18061986007240,,,
Dental Shop,08019020214394,,,
DESAROLLOS SAN BERNARDO S.A DE C.V,05019008121584,,,
Desarrollo Del Norte,05019995150730,,,
DESPENSA FERRRETERA,05021962001378,,,
DESTRADAS SUPPLY E INVERSIONES,05019024587294,,,
DHL HONDURAS SA DE CV,05019006476770,,,
dia s.a,08019998390998,,,
DIA S.A,08019998390995,,,
DIACERO,05019015723015,,,
DIAGNOS,05019006482930,,,
DIAMERAD,05019021294230,,,
DIANA E. MEMBREÑO RODGERS,05011979005193,,,
DIANA LETICIA LARA BANEGAS,05011997157626,,,
DIANA LIZETH MEJIA GAIDO,05011978050811,,,
DIANA LIZETH MEJIA GAIDO,08011978050811,,,
DICCY ALBA VEGA,16031995000857,,,
DICOMA,08019017906700,,,
DICOSA,08019002278310,,,
DIECO C,05019011376998,,,
DIEGO GONZALES FIGUEROA,05121999008219,,,
DIMAASAR,01019004013947,,,
DINAMICA,08019012752052,,,
DINORA FLORES,03181980018665,,,
DIOSARA MICHAEL TORRES HERNANDEZ,05011975089548,,,
DIPAPI S.A,01019018029188,,,
DIPHARMA,05019012476042,,,
DIPROCA,05119008166679,,,
DIPROCA,05019013555921,,,
DIPROCAR,05019019103636,,,
DIREVA,05019015748845,,,
DISELCO GS1 HONDURAS,08019002269053,,,
DISENOS CREATIVOS,05019995159627,,,
DISERCO,05019002067400,PROLONGACION AVENIDA JUNIOR. FRENTE A TACO POLLO,31912727,
DISNA,05019004013986,,,
DISSTRIBUCIONES YANES,05019019144853,,,
DISTRIBUCIONES COSPROBELL,05019018052099,,,
DISTRIBUCIONES EMEC,05019009232980,,,
DISTRIBUCIONES MUNDIALES,05011972048594,,,
DISTRIBUIDORA ECOVER,05019016890580,,,
DISTRIBUIDORA EMANUEL,14011973003192,,,
DISTRIBUIDORA FORMOSA,06011981013800,,,
DISTRIBUIDORA GENEIZA,05011992011630,,,
DISTRIBUIDORA HONDURENA DE QUIMICOS S . DE R.L,05019013579679,,,
Distribuidora Industrial,05019004091131,,,
DISTRIBUIDORA ISTMANIA,08019002262761,,,
DISTRIBUIDORA JOSE,37011985001952,,,
Distribuidora La Guardia S.A,05019995124658,,,
DISTRIBUIDORA LETERAGO S.A,08019011354080,,,
DISTRIBUIDORA MAYAB S..A,05019000044740,,,
DISTRIBUIDORA MILENIUM 2000,05019000041871,,,
DISTRIBUIDORA RIMET HONDURAS S.A,08019014652780,,,
Distribuidora San Rafael,05019017934322,,,
DITOP,05019016893697,,,
dity,05019018034280,,,
DIUNSA,05019995122957,,,
DOMICAN CAR WHASH,05018002007640,,,
DON FABIO CAFE,05019019114707,,,
dora paz,05011976002879,,,
DORALBANA,05019021336666,,,
DORIS BONILLA MANCIA,05011971088820,,,
DROGUERIA MEDIMAS,05019007491865,,,
DROGUERIA NUTRITECH,05019015720125,,,
DROGUERIA PROCONSUMO,08019995253766,,,
DROGUERIA SARAH,05019010289089,,,
DUAL TECHNOLOGY SERVICES,05019021264790,,,
DULCE Y CANELA S DE RL,05019016875476,,,
DURWIN PINEDA,05011975024569,,,
E Y L Comercial,08019002268298,,,
ec inversiones,08019018000259,,,
ECO PARTES,05019021252188,,,
ECO SA,05019003077340,,,
ECONORED DE HONDURAS SA,08019003257473,,,
ECOQUINSA,05019019126378,,,
ECOSULA S DE RL,05019020225606,,,
EDGAR GAVARRETE,04011978012896,,,
EDGARDO SALOMON GARCIA GUZMAN,05011985092499,,,
EDITORIAL SANTILLANA,08019006461038,,,
EDUARDO JOSE CRUZ RAMOS,05021995000651,,,
EDUCACION Y SERVICIOS ARTISTICOS S DE RL,05019023564700,,,
EDWIGE DUARTE,18011975005310,,,
EDWIN ALFONSO RIVERA,05011970036571,,,
EDYED S. DE R.L,05019021312920,,,
EES,05019014664180,,,
EL AVILA COCINA VENEZOLA S DE RL,05019021278604,,,
EL CAMINO GLOBAL,08019017923765,,,
El OFERTON,05019024604029,,,
EL TOQUE BISTRO,18041975039213,,,
elcon,18049005451181,,,
ELCON,18049005461181,,,
ELDER ELIU BARRERA FRANCO,04091982003530,,,
ELEAZAR FERNANDO AGURCIA MELENDEZ,18071996015017,,,
ELECTROCON S.A.,05019002058555,,,
ELECTROREPUESTO TORRES,05011976067928,,,
Elio Bladimir Munoz Reyes,05011976055430,,,
ELMAH,05019999182897,,,
ELSA SANDOVAL,08011987203768,,,
ELVIA JUANA SUAZO MALDONADO,16041976002186,,,
Elvin Cantillano,04041965004677,,,
EMBOTELLADORA DE SULA,05019995000152,,,
EMBOTELLADORA DE SULA,05019995000752,,,
EMETAL S DE R. L,05019011373207,,,
EMILIO FLORES,05101953001169,,,
EMILIO J.JAAR Y CIA S DE RL SUCS,05019003077177,,,
EMILY CABALLERO,18082004010242,,,
EMLASA,05019002059652,,,
EMMA YOSIRA MEJIA BONILLA,05011997127395,,,
EMPRESA DE SERVICIOS ASESORIAS E INVERSIONES RIO,05019024048656,,,
EMPRESAS BENDECIDAS,08019017972188,,,
ENAGASA,08119002068371,,,
ENLACES COMERCIALES DE CA.SA,00000103150013,,,
ENLACES COMERCIALES DE CENTROAMERICA S. DE R.L DE C.V,05019022379922,,,
ENRIQUE SCHMID HEGNAVER,05011969007176,,,
ENT,05019995164712,,,
ENTER5 TECHNOLOGIES S. DE R.L,05019018079726,,,
ENY BARAHONA,08011982092607,,,
EPS MEDICAL,08019014674613,,,
EQUIPARH,05019008180408,,,
EQUIPOS Y LOGISTICA,05019013050160,,,
ERICK ALEXANDER AYESTAS GORGUN,08011998115119,,,
ERICK MARTINEZ,08011988135139,,,
ERIKA MARIA RIVERA HINOJOSA,05011972083185,,,
ERNESTO LAZARUS MEDINA,05011983091710,,,
ERNESTO MARTINEZ,05011988100355,,,
ERWIN JOSE RODRIGUEZ ACOSTA,08011977053627,,,
Escuela SERAN,05019995121941,,,
ESENCIAS ECOQUIMICAS,08019016818172,,,
esmeralda padilla,08111995000012,,,
ESMIN KATTAN,05011983047336,,,
ESPACIO Y ERGONOMIA DE HONDURAS S.A,08019006044790,,,
ESTRELLA HERNANDEZ PEREZ,13131981000802,,,
ESTRELLA JEAMILETH HERNANDEZ PEREZ,13131981000803,,,
ESTRUCTURAS LEIVA S DE RL,05019022363848,,,
ETHAN ALLEN,05019011419847,,,
EVENTOS PLUS,05019007513040,,,
EVER DANILO VARGAS COPLAND,13011982005500,,,
EXCELL PUBLICIDAD Y MERCADEO,08019001211854,,,
EXODO ESPRESS,05019019126676,,,
EXPERIENCE DINING CONCEPS S.A DE C.V,05019023512710,,,
EXPERTOS EN MEDICAMENTOS S DE RL,08019021324410,,,
EXPO PIEDRAS,05019009221100,,,
EXPOSICIONES MEDICAS S. DE R.L.,05019023503535,,,
FABRICA HAMILTON,05019017979011,,,
fabricaciones metálicas Madariaga,05019001049594,,,
Fabricio Javier Puerto Ventura,08011988217353,,,
FANNY VANESSA HERRERA RODRIGUEZ,05011985106803,,,
FARID MOHAMETH LEVA AQUINO,05011993052735,,,
Farmacia Emi Super De CV,05019016869375,,,
FASHION FRANCA S.A DE C.V,05019022389973,,,
FCL CONSILIUM,05019019149005,,,
FCL CONSILIUM,05019019149065,,,
Felipe Emanuel Garcia Orellana,05011982064630,,,
FELIX CANALES,08011960001931,,,
FERNANDO ANDREE MARTINEZ ARGUELLO,05011992093835,,,
FERNANDO GODOY,08011976082310,,,
FERNANDO LAMA,08011967039053,,,
FERNANDO PADILLA,05011981072006,,,
Fernando Ramon Valerio Pascua,05011976011138,,,
FERNANDO ROBERTO NARANJO CRANIOTIS,05011985008606,,,
FERRETERIA FERROLIM,05019002070150,,,
FERRETERIA LA COLONIAL,05019017927960,,,
FERRETERIA MONTERROSO,05019002057241,,,
FERTILIZANTE DEL NORTE,05019995109062,,,
FESTIVAL EQUIPOS Y SERVICIOS,08019007013808,,,
fFINCA LA REINA CA DE CV,05019023472464,,,
"FIL CONSULTORES S.DE. R L, DE C,V",08019021333650,,,
FINDE GAMING ESPORT S DE RL DE CV,05019023480612,,,
FINE GOODS S. DE RL,05019020213298,,,
FINE HOME,05019024100313,,,
FINSOL SA,05019999178340,,,
Firma legal montiel santos,05019013588350,,,
FONDO MUNDIAL PARA LA VIDA SILBESTRES,05029002277400,,,
FOTOGRAFIATARIQ,08011998003811,,,
FRANCIA MARIA TERUEL SANDOVAL,14011995002538,,,
FRANCISCO ANTONIO PEREZ,04011977010541,,,
FRANKLIN LEONEL HERNANDEZ MADRID,05101999008202,,,
FRECIA ALVARADO,08011971046639,,,
FREDY RENE FUGON MARTINEZ,18031962003233,,,
FRIOS COMERCIAL HN,05019021247840,,,
Fruvetsa,05019995149594,,,
FUDEH,05019001052202,,,
FUME S DE R.L.,08019020219868,,,
FUMIGEO S D. R.L,05019016880068,,,
FUMISA,05019995156704,,,
FUNDACION FILARMONICA,08019998171631,,,
Fundacion Operacion Sonrisa Honduras,08019002273041,,,
FUNDEVI,08019002260773,,,
FUTBOLEROS HONDURAS S DE R L,05019018017523,,,
GABRIEL ENRIQUE VILLARS ARAGON,05011965025000,,,
Gabriel Hurtado,16012002000087,,,
"GABRIEL KAFATY, S.A",08019001210985,,,
GABRIELA MARIA HAM ZAVALA,05011996015672,,,
GABRIELA MARIA SALAZAR CERRATO,05011996067673,,,
Galtruco,05019000051043,,,
GAMA DIGITAL S. DE R.L.,05069023570584,,,
GARY KEERK COOPER LAGOS,08011992097019,,,
GASTRO INVERSIONES 1123,05019024095367,,+503 7842 4020,gastroteca@gmail.com
Gastroinversiones1123,05019024095311,,,
GASTRONOMICA S DE RL DE CV,05019023549516,,,
GASTRONOMICA S DE RL DE CV,05019023549519,,,
GBK.LOGISTIC,05019011353101,,,
GENESIS IMPRESORES S.DE R.L. DE C.V,05019012460575,,,
GENETICA HONDURAS S.A,08019021316982,,,
GEORGETTE MARIA JOSE URQUIA,05011988095906,,,
GEOTEC,05019995101294,,,
GERARDO FONSECA,05011998019378,,,
GERENCIA INMOBILIARIA APLICADA S. A DE CV,08019007060282,,,
GERMAN EDGARDO ALFONZO ALVARADO,05011983018011,,,
GERTIE LIBETH FUGON GALVEZ,18031974000230,,,
GF DE HONDURAS S.A,08019017973491,,,
GGCS S. DE R.L.,05019015734391,,,
GIANNI B ROSA PINEDA,05011974014548,,,
GINA MARIA GUDIEL CUBERO,05011972075615,,,
GIOSUE TOBIT MEJIA GOMEZ,08011995179334,,,
GISELLE MARIA BENDANA HANDAL,18042008007145,,,
GIULIANO FABIANI MARADIAGA,05011991060406,,,
GLADYS PAZ,05011975030475,,,
GLOBAL HEALTH,05019015793866,,,
GLOBAL SEGURITY,05019011362088,,,
Gloria Elizabeth De Jesus Bueso,05011970003190,,,
Gloria Varela,05011989066981,,,
GOMEZ LEE MARKETING HONDURAS S.A DE C.V,08019016840977,,,
GRAFFICO,05019024578454,,,
GRANJA AVICOLA ALVARENGA,05019995149734,,,
GRANJA SAN LUIS S. De R.L De C.V.,05019003005736,,,
GRECIA MEDINA,08011988113928,,,
GRUP. CORP HDEZ,08019021290790,,,
GRUPO AF,05019018059826,,,
GRUPO ALFA Y OMEGA,08019012489615,,,
Grupo Atlan,05019020226390,,,
GRUPO BELEN,05019009247990,,,
Grupo BS SA DE CV,05019018027243,,,
GRUPO BURCA,05011983044920,,,
GRUPO CARSEN SA,05019011424119,,,
GRUPO CORI D. DE R.L.,05019023467622,,,
GRUPO COVI,05019010292109,,,
GRUPO DEWARE SA,03019008133451,,,
GRUPO ELITE,05019024616848,,,
GRUPO FARMART S.A DE CV,05019009263310,,,
GRUPO GASTRONOMICO CUEVA S. DE R.L.,05019019155394,,,
GRUPO HERCA,03189022417537,,,
Grupo Ideas J y L,05019016876780,,,
GRUPO INCOVA,05019014676290,,,
GRUPO INDACO S DE R.L.,05019024075342,,,
GRUPO INDUSTRIA MECANICAS,18049023470419,,,
GRUPO INOVUM,08019019186581,,,
GRUPO INVERCRO,08019009256497,,,
GRUPO JAREMAR DE HONDURAS,08019017952895,,,
GRUPO KARIMS,05019007065161,,,
GRUPO MAEX,05019017924315,,,
GRUPO MARIPOSA,05019023485350,,,
GRUPO RIO,08019008135783,,,
GRUPO SAN JOSE DE SUYAPA,08019021298499,,,
Grupo Servicios Aduaneros,08011991010995,,,
GRUPO SIMPLEX S DE R.L.,05019008200420,,,
Grupo tecnimed,05019014638010,,,
GRUPO TO TRAVEL HG S. DE R.L.,05019023464401,,,
Grupo Trading RS,05019022404477,,,
GRUPO TURISTICO CELAQUE S DE RL,05019024630063,,,
GRUPO UMA SA DE CV,08019016895011,,,
GRUPO VISION,08019002277624,,,
GSQ HONDURAS S.A.,08019002279851,,,
GTM HONDURAS,05019998174268,,,
GTM NICARAGUA,10310000002290,,,
GUILLERMO SIERCKE,08011972000970,,,
GUSTAVO ADOLFO PINEDA ZELAYA,05011977043481,,,
GUSTAVO ADOLFO ROMERO SABILLON,08011975021380,,,
GUSTAVO ADOLFO VALENZUELA IZAGUIRRE,12011996000395,,,
GUSTAVO RIVERA,08011973038692,,,
GUSTAVO URTECHO,01031989000655,,,
HARMONY CONSTRUCION,05019022405368,,,
HASTOR ANDRE SABIO BORJAS,05012001040553,,,
HAUS HONDURAS,05019022447226,,,
HAWTHORNE LABS,05019025231549,,,
HEAM JARUFE JARUFE,08901983100337,,,
HEBER ARTEAGA,06011980000289,,,
HECTOR LUIS CASTRO BONILLA,05091989002770,,,
HECTOR MANUEL ROBLES LOPEZ,04011995001304,,,
Heidy Carolina Yanez Sarmiento,05011974063590,,,
HEIDY SELENE ORTEZ PORTILLO,05121987003250,,,
Henry Arevalo Zuniga,08011954031889,,,
HERMAN FERNADEZ,01051980006311,,,
Herman Omar Cueva Pineda,01071948004539,,,
HERNAN ISAAC BENITEZ PORTILLO,05092006001400,,,
HH CONSULTORES,18041989059082,,,
Hogar de niños Enmanuel,05019001048810,,,
HOME REALTY S DE RL,05019022435530,,,
HONDU CARGO S DE RL,05019002058190,,,
HONDU OFFICE,05019015739681,,,
HONDUAIRES,18011980010153,,,
HONDUCARGO S DE RL,05019002058990,,,
HONDUGRES S.A DE C.V.,05019001049642,,,
HONDUGRES S.A DE C.V.,05019001049648,,,
HONDURAS AGRICULTURE COMPANY S.DE R.L,05019024072305,,,
HONDURAS FRANCIA ENTERTAINMENT S DE RL,01019009233853,,,
HONDURAS SPINNING MILLS S.A DE C.V,05019010312955,,,
HONDURE;A LUBRICANTES,05019016851545,,,
HORACIO ZALDIVAR,16151960001020,,,
HORMIGON,05019001048659,,,
HOTELES Y METALES,05019011425319,,,
HUGO RICARDO HERNANDEZ DUBON,08011977015193,,,
I WEN WANG HUANG,08902022013053,,,
IAN FERNANDEZ,08011963065318,,,
IBERO ASISTENCIA,08019003238270,,,
IDANIA CAROLINA BRAVO MEJIA,08011986159980,,,
IFS,05019017949078,,,
IGLECIA CATOLICA,08019003022491,,,
IGLESIA CEFAD,05019002057594,,,
IGLESIA DE DIOS EN HONDURAS,08019003076491,,,
IISSE,08019016836706,,,
IMAGEN ELECTRONICA,05019002067009,,,
IMAS,05019007484986,,,
IMD,05019021258370,,,
IMECSA,08019995304185,,,
IMER ALEXANDER ALVARADO PAZ,05091984005244,,,
IMPOMO,18049010867659,,,
IMPORTACIONES C.B,05011987055996,,,
IMPORTADORA DE VEHICULOS S.A,00501900044706,,,
IMPORTADORA EL SENDERO DEL CICLISTA,05019021293350,,,
IMPORTADORA Y COMERCIAL NOVA TEC,08011972013710,,,
IMPROIN,08019005472404,,,
IMPULSER,15011957004769,,,
INADESA,05019006049587,,,
"INDIGO MEDIA , S.A.",05019022380479,,,
INDUSTRIA DANILO,05019002057790,,,
INDUSTRIA ELISA MORENO,05019019084468,,,
INDUSTRIA GANADERA SOLIS ACOSTA SOCIEDAD ANONIMA,08019024596435,,,
INDUSTRIA HONDURENA DE BICICLETAS S.A,05019002057377,,,
INDUSTRIA PASTELERA DE SULA S. DE R.L.,05019005471970,,,
INDUSTRIAS QUIMICAS LA ESPERANZA S.A. DE C.V.,05019011409987,,,
INERSIONES GT D DE RL,05019023465998,,,
INFINITEA,05019022399400,,,
INFRA DE HONDURAS S.A,08019995158356,,,
INGENIERIA H,05019015734781,,,
INGENIERIA TECNICA,05019009259609,,,
INGENIERIA VERDE,05019013547692,,,
INGEOL YEO,05018018989373,,,
INHISA,05019021259087,,,
INISA S DE R.L.,05019013617238,,,
Inmobiliaria Alfa,05019017931042,,,
INMOBILIARIA JAE,05119024119598,,,
INMOBILIARIA OPM,05019003086834,,,
INMTEC,05019019172496,,,
INPOMO,18049010267659,,,
INSATESA,05019004458430,,,
INSELME S. DE R.L. DE C.V.,03019024046518,,,
INSERT S DE R.L.,05019021320170,,,
INSTITUTO CLINICO FIORELAS .DE RL,05019011379785,,,
INSTITUTO MARIA AUXILIADORA,05019995103948,,,
INTEG,05019013575225,,,
INTERLEASE,05019999177301,,,
INV Y DISTCYC,05019014697908,,,
INVEFARMA,08019003241171,,,
INVEMA,05019995145162,,,
INVENTIVA GROUP,05019018037695,,,
INVERA,08061988007246,,,
INVERA,18061988007246,,,
INVERCAMA S DE RL,05019020243014,,,
INVERCIONES E. RIVERA,05019024347188,,,
Inverciones RF6,05019015794014,,,
inverciones y servicios rocas s. de r.l.,08019023485187,,,
INVERLNAD,04019014649520,,,
INVERSAD S DE R L,05019025196847,,,
inversion la flor,05019024625118,,,
"INVERSIONES ABK, S.A",08019020223960,,,
INVERSIONES AGUILAR ALVARADO,05019021255700,,,
INVERSIONES ALIADAS S. A.,05019012453664,,,
inversiones alimenticias 4m de r.l,05019021320310,,,
INVERSIONES ALVAREZ GUERRERO S. DE R.L.,03019023470679,,,
INVERSIONES ARGON,08019015722340,,,
INVERSIONES ARSONICA,08019025166777,,,
"INVERSIONES B Y S, S.DE R.L.",05019024583642,,,
INVERSIONES BEAUTY ROSE S DE RL,05019023537083,,,
INVERSIONES BLUE LAKE YOJOA,05019023499322,,,
INVERSIONES CANIREC,08011971090666,,,
INVERSIONES CARBAJAL,05019002067226,,,
INVERSIONES CARJI,05019025264004,,,
INVERSIONES CAZU S DE RL DE CV,05019018049922,,,
INVERSIONES CD,05129017930872,,,
INVERSIONES CELAQUE,08019015722362,,,
INVERSIONES CESF,05111975004755,,,
INVERSIONES CHINCHILLA THOMPSON S DE R L,05019024075732,,,
INVERSIONES CLEMENTINA,05019022373010,,,
INVERSIONES CMR,05019025148980,,,
INVERSIONES CRAI,05019019136444,,,
INVERSIONES CY D,05019017930872,,,
INVERSIONES DABI,05019025230257,,,
INVERSIONES DAC,05019019090915,,,
INVERSIONES DE VALORES,05019990061866,,,
Inversiones Divana,05011997014615,,,
INVERSIONES DIVARI,05111991000799,,,
inversiones diversas capricornio,08011996033712,,,
INVERSIONES DIVERSAS S DE R.L.,160190158-7821,,,
Inversiones Dominguez Ortega,05019022432639,,,
INVERSIONES DOMINO AUTOMOTRIZ,05019020208397,,,
INVERSIONES DON JOSE,14011982001254,,,
INVERSIONES E Y F S RL,08019024586060,,,
INVERSIONES EDUCATIVAS SANTA MARIA S. DE R.L.,05019025270220,,,
INVERSIONES ELIEZER S. DE R.L. DE C.V,05019019101030,,,
INVERSIONES EN VALORES SA,05019001061866,,,
Inversiones Farmaceutica DUFESAC S.DE R.L.,05019014654596,,,
INVERSIONES FAST SOLUTONS,05011901790778,,,
INVERSIONES FIGUEROA DIAZ,05011991052832,,,
INVERSIONES FRATELLO,05019998181157,,,
Inversiones Fratello S.A,05081811571999,,,
INVERSIONES FUTURA S DE RL,05019018079440,,,
Inversiones Global Events CRC S.A,3-101-370478..,,,
INVERSIONES GUILMA,08019020202540,,,
Inversiones H Y G,05019016859986,,,
INVERSIONES HI-TECH S.DE RL,05019023508435,,,
INVERSIONES IZARO,08019008197714,,,
INVERSIONES JD,18041993042921,,,
INVERSIONES JDABM,05019023532231,,,
INVERSIONES KALI,08019013538244,,,
INVERSIONES KDC,05019021304110,,,
INVERSIONES KOA,11021974000482,,,
INVERSIONES KRR S DE RL,05019022412305,,,
INVERSIONES L Y R,05019037901730,,,
INVERSIONES LAMHI,08019019106640,,,
Inversiones las Acasias,08019009235949,,,
INVERSIONES LEECON S. DE R.L,05019021341832,,,
INVERSIONES LEVI S .DE R.L DE C.V,05019021312140,,,
INVERSIONES LOS CUSUCOS,05019019135369,,,
INVERSIONES LUNA,05019004459423,,,
INVERSIONES MABLA,05019019140535,,,
INVERSIONES MARISOL CALIX,05019023538125,,,
INVERSIONES MARSE,05011967031698,,,
INVERSIONES MEDICAS MONJA,05019012497440,,,
INVERSIONES MIA S DE RL DE CV,08019019138306,,,
Inversiones Milano,05019022437491,,,
INVERSIONES MILANO,08019004010959,,,
INVERSIONES MILANO,05019017947311,,,
INVERSIONES MORAVIA DE S A DE CV,08019001212790,,,
INVERSIONES MULTIPLES D Y V,18041975037938,,,
INVERSIONES MULTIPLES DE LA COSTA,05019019183784,,,
INVERSIONES MULTIPLES HERNANDEZ,05011966078431,,,
inversiones multiples jasar d de r.l.,05019025154897,,,
INVERSIONES MULTIPLES MARTINEZ,05019023528611,,,
INVERSIONES MULTIPM S DE RL,05019024606290,,,
Inversiones Nani,05019995148773,,,
INVERSIONES NAVARRO S. DE .R.L,04019022365873,,,
INVERSIONES NTC,05019019164205,,,
INVERSIONES OCAMPO,05019017910516,,,
INVERSIONES PALADIO,08019024618434,,,
INVERSIONES PARSAN,10019018074034,,,
INVERSIONES PAZ,05011984097293,,,
INVERSIONES PEREIRA FUNES,05019022373075,,,
INVERSIONES PLAZA MARIA,05019017938824,,,
INVERSIONES R Y B,05019014670086,,,
INVERSIONES R Y E,05019022362659,,,
Inversiones Raudales,15121963000198,,,
INVERSIONES REALEZA,05019021282658,,,
INVERSIONES RENOVAR S DE RL DE CV,05019023560025,,,
Inversiones Rio SA,05019013604400,,,
INVERSIONES RODRIGUEZ S.A,05019008174042,,,
INVERSIONES ROPA,08011974045460,,,
INVERSIONES SAN ISIDRO,03019010298126,,,
INVERSIONES SANTAMARIA,05011976058282,,,
INVERSIONES SANTO DOMINGO,05019025167566,,,
INVERSIONES SHADDAI,05029010331350,,,
INVERSIONES SHER,05019018009504,,,
INVERSIONES SIJA,05019011369057,,,
Inversiones Simas SRL De CV,05019004457332,,,
INVERSIONES SINSI,08011962003828,,,
INVERSIONES SOLIMED,05019003079636,,,
INVERSIONES SUYAPA,05019019132891,,,
INVERSIONES SUYAPA,05011919132891,,,
INVERSIONES TECAS,05019016869813,,,
INVERSIONES TERRAMUNDO,05019025143750,,,
INVERSIONES TORRES MENDEZ S. DE R.L. DE C.V,01019024115843,,,
INVERSIONES TRINOMIX,08269025263078,,,
INVERSIONES TURISTICAS CHIVANA,05039015780081,,,
INVERSIONES VACASA,05019018047187,,,
INVERSIONES VALMIA,08019018053600,,,
INVERSIONES VARIADAS INTERNACIONALES HN,08019024584852,,,
INVERSIONES VGA S. DE R.L.,05019020214215,,,
INVERSIONES Y DISTRIBUICIONES MARGARITAS,05019019110915,,,
INVERSIONES Y LUBRICANTES DE OCCIDENTE,04019025302457,,,
INVERSIONES Y MULTISERVICIOS FARES S DE RL,05019017979099,,,
INVERSIONES Y SER. MULTIPLES ALEXIS S DE RL,05019023550945,,,
INVERSIONES Y SERVICIO CABALLERO,05011987039502,,,
INVERSIONES Y SERVICIOS COM S DE R.L.,05019024102264,,,
INVERSIONES Y SERVICIOS MULTIPLES ARITA,05019023528151,,,
Inversiones Y Servicios Perla Negra,05019018040450,,,
INVERSIONES Y SOLUCIONES,08019012513691,,,
INVERSIONES YUJA,05019021249091,,,
Inversiones Zamora Andrade,05019010266612,,,
INVERSIONES ZEBRAS,01011966012772,,,
INVERSIOPNES CASTILLO,05111991003645,,,
INVERSOR,05019022443240,,,
INVERTEC,05019015759560,,,
INVICTA,05019009258876,,,
IPEH,05019017930791,,,
IQUALITY GROUP,05019022407275,,,
IRIS YAMILETH CUBILLAS RODRIGUEZ,05011971072571,,,
Irving Stanly Pineda Palacios,08011993117240,,,
isa,08011971014891,,,
ISLA INVERSIONES,05019018056774,,,
ISS,05019014676315,,,
ISSA FARAJ,05011983024476,,,
ITCE S DE R.L,05019015801757,,,
IVERSIONES VALERO,05019015742756,,,
IVONNE GERALDINA CAñAS NAVARRO,05011974088735,,,
JAKELINE GUTIERRES GUERRA,16181966004223,,,
JAMIE PATRICIA CARDOZA RIVERA,05061982004750,,,
JANINE IVETH MARTINEZ MEJIA,01011983013940,,,
JAQUELINE DUARTE,08011975005310,,,
JAYME RANDOLFO AGUILAR,04091971001887,,,
JDL CARGO HONDURAS,05011923575436,,,
JEFRY JOEL LAGOS PAZ,08011986187903,,,
JENNIFER ANNEL VELASQUEZ,05011999103757,,,
JENNIFER ANNEL VELASQUEZ CUELLAR,05011995103757,,,
JENNIFER GODOY ESPINAL,08011994020544,,,
jessica Dera,05011991124443,,,
JESSICA GABRIELA RAMOS COELLO,05011996090236,,,
JESUS HUMBERTO ORELLANA,04011969007695,,,
JESUS HUMBERTO ROSALES NAVARRO,16141978004038,,,
JOAQUIN ROCA,08908020188566,,,
JOEL EDGARDO ALFARO PEREZ,05011970058746,,,
JOMASA S. DE R.L. DE C.V,05019995106676,,,
JOMASA S. DE R.LDE C.V,05019995106616,,,
JOMOSA,05011995106676,,,
JORGE ALBERTO CRESPO MADRID,05011959025668,,,
JORGE ALBERTO GARCIA MILLA,05011991080041,,,
JORGE CARRION,08908019149727,,,
JORGE ESCOTO,05011970010230,,,
JORGE FRANCISCO BETANCOURT RUIZ,05011982091783,,,
JORGE LUIS MEDRANO MARTINEZ,18041994039210,,,
JORGE LUIS MORALES USTARIZ,05061984009520,,,
JORGE MARTINEZ WILLS,05011971023997,,,
JORGE ROBERTO CRUZ LAZARO,16201964003351,,,
JORGUE ANIBAL PRADO PEDROZA,08902008024154,,,
JOSE ADOLFO KAWAS GIACOMAN,01011963010742,,,
JOSE AGUILAR,08011965042740,,,
JOSE ALBERTO SIERRA MIRANDA,05011980025601,,,
JOSE ALFREDO MOLINA VARELA,08011982091999,,,
JOSE ANDRES REYES PEREZ,05011997105901,,,
JOSE ANTONIIO,05011982004459,,,
JOSE ANTONIO ALEMAN velasquez,18011968001706,,,
JOSE ARNALDO FUENTES,05011954020341,,,
JOSE CARLOS ARDON MARAVILLA,07031995041690,,,
JOSE DANI GARCIA,04061990003667,,,
JOSE DANIEL ORELLANA VELASQUEZ,06011971015600,,,
JOSE EDGARDO VALERIO,05011977001638,,,
JOSE EFRAIN HERNANDEZ ESPINAL,08011982062148,,,
JOSE ENRIQUE PRIETO MOREIRA,05011968018406,,,
Jose Enrique Sabillon,05011963062495,,,
JOSE ERNESTO GUTIERREZ,08901994000035,,,
JOSE FERNANDO FERNANDEZ MORENO,16261988000023,,,
JOSE IVAN FERNANDEZ COLE,05011964081794,,,
JOSE JESUS MORA GARCIA,08902003025291,,,
JOSE LUIS VARGAS BOGRAN,08011981084798,,,
JOSE LUIS ZEPEDA MARTINEZ,06051981023186,,,
JOSE MARIO VASQUEZ GIRON,05011980098209,,,
Jose Miguel Hernandez Cerrato,05111994010646,,,
JOSE MONTOYA,08011965016794,,,
Jose Murcia Menjivar,04131955002311,,,
JOSE ROBERTO TIJERINO INESTROZA,08011986073985,,,
JOSEPH MICHAEL FIGUEROA REYES,05011996058237,,,
JOSSUAR,05012002023343,,,
JOSUE ADALID RAMIREZ ACOSTA,05011989095482,,,
JOSUE DAVID RODRIGUEZ GUZMAN,05011975031837,,,
JUAN ANTONIO LICONA REYES,05101989005833,,,
Juan Carlos Andrade,05011993037838,,,
JUAN CARLOS HENRIQUEZ,05011970054612,,,
JUAN CARLOS ROMERO SALGADO,05011974052886,,,
JUAN FRANCISCO ORTIZ,05011996133931,,,
Juan Funes,05011996080871,,,
JUDA MISAEL MELGAR,05021971001965,,,
jugos chapala,05019002062429,,,
JULIAN SUAZO GUTIERREZ,03191964000417,,,
JULIMARHERNANDEZ,08908021272268,,,
JULIO CESAR GARCIA,05011979037375,,,
JULIO CESAR SABILLON IRIAS,05011990127992,,,
Julio Cesar Sanchez Miranda,04011957002464,,,
JULIO VALLE,05011983025952,,,
JUNOW S. DE R.L,05019020224483,,,
KARA ARRIAGA MENDOZA,05011980092337,,,
KAREN ESCOTO,08191995000838,,,
KARLA DIAZ,08011995001230,,,
Karla Nena,08011967041204,,,
KARLA PATRICIA CASTAÑEDA GARCIA,05011980086497,,,
KARLA YAMILETH MIRANDA RODRIGUEZ,05021994023872,,,
KATHIA VANESSA BUESO,05061984000655,,,
KATTIA GABRIELA RUIZ VALENCIA,05011992079093,,,
KATTY FABIOLA HERNANDEZ EUCEDA,05011991009122,,,
KATTYA MARINA MARTINEZ BARAHONA,05011996119936,,,
KATY JAMILETH MENDOZA PONCE,08011968064052,,,
KAX PUBLICIDAD S. DE R.L,18049024598488,,,
KENNET ESPINAL,05011996019063,,,
KEVEN ALEXANDER,05011994061898,,,
kEYLA ABIGAIL HERCULES MOLINA,05011994092619,,,
KIELSA FARMACEUTICA SA DE CV,08019001230462,,,
KIKITOS INDUSTRIAL,05019001047210,,,
KRISTEL JACKELINE VELAZQUEZ COTO,05062003024352,,,
KRISTY ORELLANA,05011988081430,,,
LA CASA DE LAS MASCOTAS,05019022408730,,,
LA IGLECIA DE JESUSCRISTO S U D,08019003248130,,,
LA META REPUESTOS,08019995303169,,,
LA PLATERIA,05019023518041,,,
LA SALLE,05019995105373,,,
LA STORE HN S DE R.L,05019023559924,,,
LABORATORIO BUESO ARIAS S.A DE C.V,05019012533228,,,
LABORATORIO PHARMAETICA,08019995368858,,,
LABORATORIO PMB,08019995381892,,,
LABORATORIOS FINLAY,05019001049940,,,
LACTEOS DE HONDURAS,05019003256756,,,
LACTEOS DON MAX,05019015725356,,,
LACTEOS EL VALLE,16181975007928,,,
LACTEOS GUALLYTO,05121995011598,,,
LACTEOS LOS REYES,05019024061495,,,
LANDEHSA,08019995316560,,,
LANUEVA ASSIRYS,05019019113091,,,
LAPCO HONDURAS S.A.,05019001062297,,,
LAURA MARIELA REYES BUESO,13111990003170,,,
LAURA ROSSIBEL SUAZO OCHOA,08011980074641,,,
LE SALON DE BELLEZA MIRIAM,05019999178464,,,
LED STORE,05019017931720,,,
LELE. DE R.L,05019017955180,,,
LEONARDO DAVID ZELAYA VASQUEZ,05011982040710,,,
LESBIA CRUZ,07041981001100,,,
LESLY CAROLINA LOPEZ BARAHONA,05011995038768,,,
LESS S DE RL.,05019023511598,,,
LEVEL UP,05019024095459,,,
LEYLA FARAJ,08011958052409,,,
LIA JOYA,08011989101400,,,
LICENCIA AMBINTAL HUNDURAS DE SRL,08019026375199,,,
LIFEBOKER PROMOTORA DE SEGUROS,08019024700768,,,
LIGIA CAROLINA DIAZ,07031969004550,,,
LILIAN ROSMERY ESPINOZA CRUZ,04011965002566,,,
LILIANA IDUVIJES CASCO NORIEGA,16131965007584,,,
LIMONCELLO SA,05019020201156,,,
LINK DE CENTRO AMERICA,08019023502827,,,
Lizette Waldina Arriaga Moran,08011963012507,,,
LIZZETT HUMBELINA SOLORZANO SOTO,18011971006895,,,
LLEVARO INMOBILIARIA,05019024100232,,,
LOGISTICA ECOLOGICA S.A,J0310000364087,,,
LOIDA EUNICE LANDA BAIDE,01011985010872,,,
LOTERIAS ELCTRONICAS DE HONDURAS,08019998381114,,,
LOTIFICADORA ARCA,05019012530945,,,
LUBRICANTE DEL NORTE,04011979012167,,,
"LUBRIMAS, S. DE R.L.",05019002073740,,,
LUIS ADOLFO VILLARS ARAGON,05011970034848,,,
LUIS ALEJANDRO ESPINOZA BURGOS,08011967058018,,,
LUIS ALONSO ZUNIGA,18041971012034,,,
LUIS ALONZO CASTELLANOS SANCHEZ,05101971005962,,,
LUIS ENRIQUE MARTINEZ MERLO,07041996007562,,,
LUIS FELIFE,05011987030946,,,
luis fernando cardenas oyuela,05011958043393,,,
LUIS FERNANDO GUEVARRA,05012004078384,,,
LUIS GUILLERMO LOPEZ,05012008177543,,,
LUIS MAREL CANALES OCHOA,08011985081074,,,
LUIS TIRSO BOQUIN ORENDAY,08012000001000,,,
LUNARI SOCIEDAD DE RESPONSABILIDAD ILIMITADA,05019024603995,,,
LUSSU TRAVEL,05109024591550,,,
LUZ ELENA RUIZ NICHOLLS,08908019110495,,,
Luz Store,05019006486994,,,
M Y M PROFESSIONAL S DE R L,05019024078596,,,
MA8YX S.DE RL.,05019019179362,,,
MACDEL HONDURAS S.A.,05019002058603,,,
MADDER PHARMA,05019018069384,,,
MADEESMADEEMSA,18049000000457,,,
MADERAS DE AMERICA,05019999179090,,,
MADWELL HONDURASB S A,08019013595444,,,
MAERSK HONDURAS S.A,05019002059983,,,
MAG LOGISTICS SERVICES S DE RL DE CV,05019008131992,,,
MAGNESEL,08019001055466,,,
MAGNOLIA 44 S DE R.L DE C.V,05019021327469,,,
MAMANIMAS PETS,05011994096628,,,
MAN POWER,08019998404611,,,
MANJARES S DE RL,08019018069534,,,
MANTENIMIENTO TERRA VISTA,05019024056723,,,
MANTENIMIENTOS CA,08019010311147,,,
MANUEL FRANCISCO TORRES CASTRO,05011954023882,,,
MANUEL ORLANDO SALINAS,08011976126994,,,
MANUEL ORLANDO SALINAS MONTOYA,08011976126996,,,
MANUELA JUDITH SANCHEZ,05011995076694,,,
MARA IVETH MATAMOROS MATUTE,01071975014390,,,
MARCIAL ANTONIO LOPEZ NOLL,05011967052581,,,
Marco Tulio Coello Leiva,05061987001485,,,
Marco Tulio Cruz,08011990020635,,,
Marco Tulio Montes Sabillon,05011988055462,,,
marely audomilia andino peña,14031985001615,,,
MARIA ALVARADO,05061980021169,,,
MARIA DEL CARMEN BONILLA,05011976001889,,,
Maria Del Carmen Molina,08011964027998,,,
MARIA ELENA MARIONA FERRERA,05011974080224,,,
MARIA GABRIELA PAGAN BARAHONA,05021980018531,,,
MARIA GABRIELA VILLAFRANCA,08011969006160,,,
MARILU CALDERON FERNANDEZ,05011976092475,,,
MARIO ALBERTO ERAZO ROBLES,05011984124610,,,
MARIO DE JESUS GALEAS MARADIAGA,06011965008257,,,
MARIO JAAR Y ASOCIADOS,08019004013183,,,
Mario Roberto Giron,05011977085203,,,
Marisol Larach,18011984018470,,,
MARITZA ISABEL FERNANDEZ BRIZUELA,05011972045042,,,
MARITZA YAMILETH VALLADARES CACERES,08011976116910,,,
MARJO INVERSIONES,05011981015803,,,
MARLEN LIZETTE ERAZO,04081961000933,,,
MARLENE JEANNETTE CARVAJAL AGUILAR,05011960031092,,,
marlon lara,05011966019210,,,
MARTHA SILVIA LARACH LARACH,05011937000040,,,
MARTINEZ PEREZ ASOCIADOS,05019008190117,,,
MARVIN GERARDO BRENES AMADOR,08011983086792,,,
marvin zuniga,05011971074916,,,
MASTERD,05019025260370,,,
MAURICIO ENRIQUE REYES RUBIO,18041996001573,,,
MAURICIO ORELLANA FOLGAR,05011978035064,,,
Mauricio Sierra Lizardo,05011983086896,,,
MCM,05019002073761,,,
MD PHARMA,03038321410503,,,
MD PHARMA S.A,15572708022022,,,
MEDI TECH SO WHONS,05019020215529,,,
MEDIA BRANDING,08019015750248,,,
MEDILAB S A DE CV,05019003077968,,,
MEDITEC,05019016821969,,,
MEJIA ZAPATA Y ASOCIADOS,05019015794367,,,
MELINA RIVAS PERLAS,05011981028435,,,
Melissa Alexandra Bobadilla Enamorado,05011991052718,,,
MELVIN AMADO HERRERA ROJAS,05011976033405,,,
MERCADEO DIGITAL,05011996095217,,,
MERCANTIL DE HONDURAS SA SV,05019995444491,,,
MERCAPLAN,05019003075969,,,
Mi Espacio Cero S De R.L De C.V,05019023524999,,,
MIA S DE RL,05019017948625,,,
MICHEL SALAME LUTFY,08011967019197,,,
MIEL Y CAFE,05019017928380,,,
MIGUEL ANGEL MEJIA,05011987041259,,,
MIGUEL EDUARDO PINTO,14011992005371,,,
MIGUEL FERNANDO RUIZ RAPALO,05011985033083,,,
MILTON HERNANDEZ,05071988005103,,,
MINA S.A,05019007081751,,,
MINERALES TRITURADOS,05019008121025,,,
MIS S.A,05019022425420,,,
MISION DE HONDURAS NOROCCIDENTAL,05019003085222,,,
MOL PHARMA,30383214105030,,,
MOLINEROS COMERCIAL,01019995011846,,,
MOLINO DE CAFE MAYA,08019995374374,,,
molinos de honduras,05019001049193,,,
MONICA ALEJANDRA MATUTE CASTRO,05011993140373,,,
MONICA PAMELA TABORA MEJIA,04192000002510,,,
MONICA TOBON,05011989035072,,,
MONICA VANNESSA GARCIA SANTACRUZ,05011978073440,,,
MOSIX S.DE R.L,05019021314414,,,
MOTOR TEC,05011999092005,,,
MOTORES HINO,05019006480200,,,
MOTORLINK,08019006045831,,,
MOVECA INVERSIONES,08019023558973,,,
MOVESA,05019006481991,,,
MOVITEXT S.A de C.V.,05019015751173,,,
MSII,05019019109736,,,
MULTI CABLE,05019020241986,,,
MULTI INVERSIONES SA DE CV,05019003077898,,,
Multimaderas,01011995011857,,,
Multimaderas,01019995011857,,,
MULTISERVICIO PAZ,06111994000381,,,
MULTISERVICIOS ARGY,05019024621543,,,
MULTISERVICIOS CASGIR S. DE R.L.,05069022450121,,,
multiservicios j c,05121990015710,,,
Multiservicios RyS S de RL,05019020222955,,,
MUNDIOFERTAS SA DE CV,05019016851410,,,
MYA CARGO LOGISTICS S. DE R.L.,05019017967932,,,
NANCY OSIRIS RODRIGUEZ SAMAYOA,05061964014775,,,
NATALIA SIMON,08011973031050,,,
NATHALIE DENISSE BENITEZ VACA,05011989045414,,,
NAVGO GLOBAL SOLUTION,05019024101145,,,
Nelson Alexis Barahona Garcia,08011988044450,,,
NESTLE HONDURENO,08019002264186,,,
NETEL,05019006481741,,,
NEXUS ARQUITECTOS,05019023508365,,,
NEYDI JIMENEZ VAZQEZ,16181996009311,,,
NIPRO,08019007507626,,,
NK INVESTMENTS S.A. DE C.V.,05019023518589,,,
NOE TEJADA,05011960024825,,,
Nohemy Vanessa Garcia Ferrera,05011980118805,,,
NOLVIN ROEL RIVERA BUESO,04201985000643,,,
Norlin Noe Gomez Palma,18111998002753,,,
NORMA MARINA SUAZO ZELAYA,05011959032866,,,
NORMAN ALBERTO LARA ZUNIGA,05011996049018,,,
NORMAN JOSUE RIVERA PINEDA,05011989042708,,,
"NORTHERN TEXTILES, S.A DE C.V",05919021322488,,,
NOVASONRISA,05019026315180,,,
Nueva Sociedad Hotelera,05019998167195,,,
OLGA GARCIA,05011990023331,,,
OLGA LETICIA VALDEZ VARELA,05011989038135,,,
OLVIN CASTILLO,08011976117098,,,
OMSOLHN S. DE R.L.,05019021305618,,,
ONECHILD GLOBAL,08019010291066,,,
OP SERVICIOS,05019021333088,,,
OPESA,08019018989980,,,
OR STUDIO S DE R L,08019016885254,,,
ORBIN RENE MORALES MEJIA,05011980080662,,,
ORBIS S.A,08019017934928,,,
ORDEN HOSPITALARIA SAN JUAN DE DIOS,05019006506550,,,
ORM,05019016811767,,,
OSCAR CHIRINOS HERRERA,08011982041953,,,
OSCAR MIGUEL ZELAYA DURON,04131988005052,,,
OSCAR RENE VALLE,05061973012778,,,
OSMAN AFIF ALBERTO BOTTO,18041973026972,,,
OSMAN ELIAS HERNANDEZ FERRUFINO,05011973019320,,,
OSMAN LOPEZ,05011978093291,,,
OSMAN RODRIGUEZ,18041972027882,,,
Osman Rodriguez,05011995050124,,,
OVERHEAD CREATIVE STUDIO,08019019180702,,,
OWEN ALBERTO MEZA HERNANDEZ,18041979035992,,,
P. BEDROSSIAN,08902009000888,,,
PABLO MEJIA MARTINEZ,08011959038222,,,
PACAS Y MAS,05011954018098,,,
PAMELA ALEJANDRA ROMERO VILLATORO,05011989096020,,,
PAMELA BETINA MARADIAGA MONTERO,07061987000910,,,
PAOLA VASQUEZ ESCOBAR,08011986092480,,,
PAOS S. DE R.L. DE C.V.,05019020191900,,,
PARQUE INDUSTRIAL BUFALO SA DE CV,05119995186605,,,
PARSEMA T L,05019002063103,,,
PARTY HOUSE,05019013563160,,,
PARTY HOUSE,05019093563160,,,
PASTA BAR TERRAVISTA,05019024122164,,,
PASTELERIA MIRIAM,05019008120899,,,
PATRICIA CONSUELO LARACH GOMEZ,05011958036828,,,
PATRICIA GIACOMAN,05011967000580,,,
PBS,05019010314509,,,
PCA,05019004005864,,,
PEDRO ALABAT,04081978001335,,,
PEDRO SOLORZANO,05061955001659,,,
PEDRO VENTURA,17011980030642,,,
PENA ASOCIADO,05019002072572,,,
PEOPLE WORKING CORP HONDURAS S.A,08019018079600,,,
PERLA RUBI TROCHEZ ORTEGA,05011992084123,,,
PETS PLANET,12011966000395,,,
PHARMAETICA LABORATORIO,08011995368858,,,
PINARES,05019014620280,,,
PIT HONDURAS S.DE.R.L.DE C.V,05019023493807,,,
Pixel S.A de C.V.,05019017924532,,,
PLASTICOS GAMA S DE R.L DE C.V.,05019024622000,,,
PLASTICOS INDUSTRIALES HONDURENOS SA DE CV,05019002060327,,,
Plaza City Life,08901994002663,,,
POS DE HONDURAS,05019008202360,,,
POSTENSA,08019006022066,,,
POWER SUPPLY,18049023465850,,,
POZZLE LATAM S DE R.L DE C.V,05019025276650,,,
PRECIOSAS,09011971002333,,,
PRECUARIA HONDUREÑA,05019004091245,,,
PREMICOL SA,05019012498044,,,
PRESELECCION EMPRESARIAL,08019003075225,,,
PRICESMART HONDURAS SA DE CV,05019003078013,San pedro sula.,33979371,lagalindo@pricesmart.com
PRIME LOGISTICS,08019011354355,,,
PRINSUSAT CORP,05019017910950,,,
PRO BIENES RAICES,05019025231207,,,
PROCTEK S.A.DE C.V.,08019025143038,,,
PRODUCTOS ALIMENTICIOS DIANA,00000000000000,,,
PRODUCTOS Y SERVICIOS COBA,05019017955205,,,
PROIMAGEN PUBLICIDAD,05011996015753,,,
PROLOGISTICA SA,05019005461507,,,
PROMASIS,05019002059538,,,
PROMOCION MEDICA HONDURAS SA DE CV,08019012461237,,,
PRONTO TIENDAS HONDURAS S.A DE C.V,08019023471745,,,
Proquimh,05019014649170,,,
PROTECTUS HN S DE RL,05019019103224,,,
PROTEICO,05019008162665,,,
PROYECTA MEDIOS Y PUBLICIDAD S DE R.L.,05019022373671,,,
PROYECTOS Y DISENOS DYF,05019019119066,,,
PUBLICISTAS S. A.,08019999401919,,,
PUBLIMAGEN DE HONDURAS,05019907117814,,,
PYLESS SHOESOURCE,08019002268736,,,
QUALITY CORPORATION,05019018028616,,,
QUIMICOS INDUSTRIALES,05019001049712,,,
R Y K INDUSTRIAL,05019011345858,,,
RAFAEL CHRISTIAN MOLANPHY IRIAS,05011979108897,,,
RALHTEX,05019007054826,,,
Ramiro Marin Cortes,05018995026677,,,
RAMON ADALID AGUILAR LAZO,18041952006202,,,
Ramon Leiva,05011971032462,,,
RAMON LUIS BERNARDO ORTEGA PAZ,05011992105275,,,
Ramon Maradiaga,02011961002183,,,
RAPICASH RIVHERS S DE R.L,05019021270788,,,
RAUL BARAHONA TROCHEZ,08011966036701,,,
RAUL RICARDO MONCADA PASCUA,08011963053481,,,
RAYMUNDO AGUIRRE,05011982011186,,,
RAZON SOCIAL,08019025132140,,,
RECARSAL S DE R.L,05019995133318,,,
Recicladora El Milagrito S de RL,05019015717131,,,
RECURSOS DENTALES,08019018022272,,,
"red carpet,s. de r.l.",05019024602497,,,
RED DECORA,01019023493503,,,
REFACCIONES DE HONDURAS RA CC,05019014631762,,,
REINA MENJIVAR,01011943001903,,,
REINIERI BALLESTEROS,05011982055570,,,
RELEK,05019017962756,,,
REMCO S DE RL,05019024580947,,,
REMOTE HONDURAS S DE R.L.,08019022359436,,,
RENE ALFONSO RODRIGUEZ VALLE,05011947003703,,,
RENE ENAMORADO,05091964001751,,,
RENE FERNANDEZ,01011965012444,,,
RENE MARADIAGA PANCHAME,18041961017455,,,
RENE ROLANDO FAJARDO LEITZELAR,05011970008880,,,
Renzo Gustavo Castro Restrepo,05011986092447,,,
REPRIMHSA,08019000214914,,,
RESONADID,05019015741730,,,
RESTAURANTE CHEDRANI,05091957000408,,,
RESTAURANTE EL MANZANO,05011974066365,,,
RESTAURANTE LA ESTANCIA,08201962000218,,,
REX INTERNACIONAL HONDURAS SA,05019999181664,,,
RIGOBERTO MEJIA MALDONADO,03181960007702,,,
ROBERTO ANTONIO RECINOS BELTRAN,05018013548516,,,
ROBERTO ANTONIO VILLEGAS PANCHAME,18041963006850,,,
Roberto Hernandez,05011982039715,,,
ROBERTO PINEDA,10011982000265,,,
ROCIO MITCHELL BANEGAS ERAZO,05111991009344,,,
"RODIO SWISSBORING HONDURAS S.A,",08019003257278,,,
Rodolfo Andres Castillo Flores,05018019101945,,,
Rodolfo Luis Handal,05011989131400,,,
RODRIGO ALEJANDRO LARACH MORALES,05011994082895,,,
RODRIGO CRESPA MOLINA,05011993008752,,,
ROMA INGINIEROS,08019019103006,,,
RONALDO JAVIER MAHOMAR JACIR,05011976011594,,,
RONALDO MENDOZA,05112001023434,,,
ROSA MARIA CASTRO,08011968062605,,,
ROSANNA NINNETH BLANCO SUCHITE,05018002003479,,,
ROSEMARY KATTAN,05011959006420,,,
ROSTOM GROUP,05019024094980,,,
ROXANA RIVERA,08011966025230,,,
RUBEN ANTONIO MENDOZA DIAZ,05011964029645,,,
RUBEN DANILO MEJIA,05011966043017,,,
RUBEN DARIO ESTRADA GUEVARA,06051993003047,,,
RUDY SOLARES,08019000236272,,,
RUTH M CANAHUATI,05011966019015,,,
RYBCO,05019011352699,,,
RYBERTO RENE OSORIO CABALLERO,05011972042921,,,
RZ INVERSIONES S DE RL DE CV,05019024117583,,,
S.CT S. DE R.L. DE C.V.,05019020218761,,,
SACOFI S DE R.L DE C.V,05019021310920,,,
SACOS AGROINDUSTRIALES,05019001062253,,,
SACOS AMERICANOS,05019004006321,,,
SALOMONICAS INVERSIONES S DE R.L,05019017970477,,,
SAMJI,05019999179263,,,
SAMSUNG ELECTRONICS LATINOAMERICANA ZONA LIBRE S A,08019012495624,,,
SAMUEL ELIAS BUSTILLO AGUERO,05011994049836,,,
SAN RAFAEL AGROSERVIOS,05019014648142,,,
SANMAHER GLOBAL LOGISTICS DE SR,05019026379018,,,
SANTA FE TRADING CORP SA DE CV,05019018025450,,,
SANTOS DANIELA,06061981017310,,,
SANTOS LOPEZ,05011988021970,,,
SASAN FUNES,05011972018091,,,
SAUL EDUARDO PAZ,05061993012550,,,
SAYSI S DE RL,05019019710019,,,
SCARLETH RODRIGUEZ,18011986015461,,,
SCARLETH VANESSA LUNA SOTO,05011997084079,,,
SCARLETT YADIRA MALDONADO,14011989001139,,,
SCM METROLOGIA HONDURAS,08019014700872,,,
SCP HN SA,08019015791009,,,
SEC,05019002078742,,,
SEGURO CONTINENTAL,05019003078193,,,
SEI,05019012525930,,,
SEIDOR HONDURAS S.A,05019013618221,,,
SEIND,08011975220664,,,
"SELITEC, S DE RL DE CV",05019021303847,,,
SEMCOSA,05019016895571,,,
SEMTEL INGENIERIA,05019020239791,,,
SEP,18049019146427,,,
SEPRACS,05019011445090,,,
SERAVEL,05019010273420,,,
SERBESA,05019016887427,,,
SERCARGO LOGISTICS,05019007082480,,,
SERGIO BONILLA,05011967070688,,,
SERINSAM,05019995155170,,,
SERPACK,05019015771463,,,
"SERVICIO CORPORATIVOS ILP, S.A",08019015806038,,,
SERVICIOS ADUANEROS MULTIPLES AGUILAR,05019015717392,,,
SERVICIOS AMBIENTALES DE HONDURAS,05019015792493,,,
SERVICIOS CONSOLIDADOS DE HONDURAS,05019003085943,,,
SERVICIOS CORPORATIVOS,08011915806038,,,
SERVICIOS DE COMUNICACIONES DE HONDURAS S.A.,08019003250060,,,
SERVICIOS DE INGENIERIA,08019002283324,,,
SERVICIOS ELECTROMECANICOS Y PROYECTOS INDUSTRIALES S DE RL,05019025193085,,,
SERVICIOS INMOBILIARIOS VILZU S. DE. R.L. DE C.V.,05019014647516,,,
SERVICIOS MULTIPLES BM SA DE CV,05019022451979,,,
SERVICIOS ODONTOLOGICOS MABARI,05019024606532,,,
SERVICIOS PORTUARIOS S.A,08019995346890,,,
SERVICIOS TECNICOS ALEMAN S DE RL,05019015741453,,,
SERVIR,05019018048961,,,
SEVEN PHARMA,08019016861610,,,
SHERLLEY PATRICIA CASTILLO LICONA,05011982097806,,,
"SHIN SHENGLONG HONDURAS TRADING CO.., LTD, S.A.",08019023538320,,,
SHOWROOM S DE R.L.,08019016882342,,,
SIAR,05019999178317,,,
SICTRA,05019999177908,,,
SIIS S.A,03019023478837,,,
SIKA HONDURAS,08019018001676,,,
SIMRECRO S.DE RL .,05019021276947,,,
SINAGROUP,05019019183177,,,
Sindy Catellanos,05011990011027,,,
SINESIO ALTAMIRANO AYALA,16131974000117,,,
SINTEX,05019020222110,,,
SINTRANORC,05019016872689,,,
SION DE HONDURAS,05019014659073,,,
SISTEMATICA GLOBAL S DE. R.L.,05019023498589,,,
SITARA,05011996135480,,,
SLICE RESTAURANTE S. DE .RL,05019023549847,,,
SMART SYSTEM SECURITY S DE RL,08019013544805,,,
SODA MARKETING BTL S DE L,05019009258409,,,
SOFIA MIRANDA DOMINGUEZ,05011981084711,,,
SOLFISA,05019014654563,,,
SOLINTSA,08019002264922,,,
SOLUCION BOX HONDURAS,05019021272618,,,
SOLUCIONES AMBIENTALES,05019007503651,,,
SOLUTEC S. DE R.L DE C.V,05019019154632,,,
SOL°E DISTRIBUCIONES S.A,05019021249231,,,
sonia gisselle chinchilla bardales,05011988059953,,,
SOS INGENIERIA,05019023466249,,,
SOTCON,05011983044516,,,
ST MEDIC,05019015726821,,,
STANDARD FRUIT DE HONDURAS,01019002004766,,,
STARTEK,05019011400460,,,
STEPHANIE MELISA SIERRA PERDOMO,08011985048699,,,
STL,05019023492310,,,
STONE FACTORY,05019013557791,,,
SUMAPEL INTERNACIONAL S.A DE C.V,05019019120863,,,
SUPER FARMACIA SA,05019999180979,,,
SUPER MASCOTA,08019013566623,,,
SUPERMECADO Y FERRETERIA SAN JORGE S A DE CV,05019013603601,,,
SUPERMERCADO LIDER S. DE R.L,05019023540798,,,
Supermercado y ferreteria la nueva S.A DE C.V,05019995163512,,,
SUPLIDORA DE INSUMOS,05019016848665,,,
SUYAPA DEL CARMEN IZAGUIRRE,08011975093204,,,
SUYAPA ELENA KAWAS CASTRO,16011963005866,,,
TANIA LUNA,05011989010456,,,
TANIA VIDES,16181998008286,,,
TEAM ANIMATION STUDIOS S DE RL,05019024635191,,,
TECDEA,08019007116017,,,
TECHNOLOGY SYSTEMS,08011995145278,,,
TECHNOSS,08019995374319,,,
Techos de Centro america,08019019142143,,,
TECNOCHEF,08019020201199,,,
TECNOCOMP,05019999182040,,,
TECNOLEN,08019006022434,,,
TECNOLOGIA AGRICOLA,05019002065330,,,
TECNOVA,05019015760094,,,
TELCOMHN S.A,05019017971302,,,
TELEWORKS,05099005502296,,,
TEM,04221974001896,,,
TEMESIS,05019024579312,,,
TEODORA LIZETTE MIRANDA DIAZ,05011966078730,,,
TEODORA MIRANDA,05011966076730,,,
TEXACO CHOLOMA,05029003077846,,,
THANIA LIZETH,05011978094734,,,
THBC,05019019143127,,,
THE CORNER COFFE BAR,05019020202150,,,
THE FOX COMPANY,05019010291663,,,
tito bendeck bonilla,16132014007056,,,
TODOSERVICIO ROMERO,05019011349904,,,
TOPFLOWERS,05011996102618,,,
Tornipernos Junior,05019003075947,,,
TOSTEH,08019015803402,,,
TOWERS HONDURAS SA DE CV,18079025149444,,,
TRACY YOSELY TABORA MADRID,05011988011930,,,
TRADE Y ADVERTISING STUDIO MEDIA,08019022377278,,,
Tradiciones,16091972000043,,,
TRAMAQ S.A DE C.V,08019995375287,,,
TRANS EXPRESS,05019002067156,,,
TRANSMAPA,05019017949435,,,
Transporte Avila,05019012530750,,,
TRANSPORTE CASTELLANO LEIVA,03181955002087,,,
TRANSPORTE COROZAL,16131947000865,,,
TRANSPORTE LA FLOR,05019995035934,,,
TRANSPORTE Y EQUIPO SOSA,08019002076400,,,
TRANSPORTES INTERNACIONALES TICAL S.A.,08019003240567,,,
TRASPORTES ALFA,08019015758406,,,
TRIPLE A autopartes,05019015788038,,,
TSM,05019003077133,,,
TULIO NOE CALIX RUIZ,05011986025365,,,
TUNNEL HONDURAS S.A,08019018992871,,,
Tutto pasta e quiche,08011997143274,,,
TWIN MINDS S DE RL,05019025149275,,,
TZUL TAKA SECURITY,05019017966504,,,
UFINET HONDURAS S.A,08019011358560,,,
ULISES GERARDO MORA MEZA,05011981069229,,,
ULTRA ENTREGAS S DE RL,05019001056851,,,
UNIDAD 202,05019020215470,,,
UNILEVER,08019002263012,,,
UNION COMERCIAL,08019000232491,,,
UNIVERSAL QUIMICA DE HONDURAS,05019006050550,,,
UNO HONDURAS S.A. DE C.V.,08029995457769,,,
UNOTRANS,08019008122051,,,
URSULA RUIZ,01018013563852,,,
US AMERICAN VISA S DE RL,05019016843662,,,
UTH,05019001052029,,,
V,03011980015635,,,
VALERIA VALDEZ,05012002142707,,,
VALMORAL,08019008179629,,,
VANESSA LOPES,05011981078735,,,
VAZ CONSULTORES S DE RL.,08019019083543,,,
VERDE BODEGA AGRICOLA,04041967006502,,,
VETS FOR PETS,05019020225180,,,
VHBR,08019000209369,,,
VIA NOVA,05019006037423,,,
VICTOR MIGUEL KAWAS GIACOMAN,05011953029876,,,
Victor Ramon Yacaman Giacoman,05011959021306,,,
VIENES DE HONDURAS,05019995161259,,,
VIEW MEDIA S DE RL DE CV,05019023508104,,,
VILLEVILLE S. DE R.L,05019024100276,,,
vilma hause,05011986113100,,,
VIMAS TALLER CREATIVO,08019024622249,,,
vimasa s. de r.l. de c.v.,08019025302810,,,
Vinicius Adrian Bueso Pacheco,05011997158870,,,
VINOTECA,08019018027356,,,
VIVIAN LARISA FUENTES RAMOS,01071997020842,,,
VYM DE HONDURAS S A,05019006484425,,,
Wafflos,08019021331250,,,
WCS SOLUCIONES,05019008136333,,,
WILLIAM ALLEN COPELAND BERLIOZ,03011977007871,,,
Wilmer Arita,05011974002336,,,
WILMER GEOVANNI ZELAYA CABRERA,05011977013357,,,
WILMER JAVIER AYALA ZEPEDA,18061994003664,,,
WINDOWS COMPANY,05019023559269,,,
wowmedia,05019011438293,,,
Xavier Alejandro Salgado Pellman,05011972049419,,,
YANNCY FABIOLA TORRES IZAGUIRRE,08011997180243,,,
YASMIN FARAJ MUSLEH,05011973012090,,,
YASMIN FARAJ MUSLEH,05021973012090,,,
YENSI MARYORI RAMOS CAZAÑA,16061991002268,,,
YESSIELLE EUGENIA VELASQUEZ CASTRO,05011986064024,,,
YOBANI CARBAJAL AGUILAR,05011965051467,,,
YOHEL ISAI BANEGAS MEDINA,08012006058570,,,
YOLANDELOS S. DE R.L,05019022404032,,,
YOLANY GRACIELA ZEPEDA,05011975039476,,,
ZAFIRO,08019007068657,,,
ZARED,05019005471834,,,
ZEYLA SANCHEZ,05011987001698,,,
ZONIA CRUZ FUENTES,16211970002570,,,
