id_origen,nombre,descripcion,codigo_barra,categoria_id,categoria,tipo,activo,costo,precio,impuesto,impuesto_tasa,existencia,inventario,minimo,maximo,para_venta,fisico,menu_rapido
189,1 Coppa piccola Ingreso,,,5,MATERIA PRIMA,Individual,1,0,0,ISV - 15%,0.15,-14035,1,-2147483648,2147483647,0,0,-1
204,10 Vaschettas 1.5 kilogramos de Ingreso,,,5,MATERIA PRIMA,Individual,1,0,0,Exento,0,-187,1,-2147483648,2147483647,1,0,-1
97,11 TOTAL CAFE,,,5,MATERIA PRIMA,Individual,1,0,0,ISV - 15%,0.15,-40065,1,-2147483648,2147483647,0,0,-1
190,2 Coppa classica Ingreso,,,5,MATERIA PRIMA,Individual,1,0,0,ISV - 15%,0.15,-17587,1,-2147483648,2147483647,0,0,-1
191,3 Coppa grande Ingreso,,,5,MATERIA PRIMA,Individual,1,0,0,ISV - 15%,0.15,-5463,1,-2147483648,2147483647,0,0,-1
193,4 Cono de Ingreso,,,5,MATERIA PRIMA,Individual,1,0,0,ISV - 15%,0.15,-13946,1,-2147483648,2147483647,0,0,-1
192,5 Canasta waffle Ingreso,,,5,MATERIA PRIMA,Individual,1,0,0,ISV - 15%,0.15,-1731,1,-2147483648,2147483647,0,0,-1
202,6 Vaschettas 1kilo de Ingreso,,,5,MATERIA PRIMA,Individual,1,0,0,ISV - 15%,0.15,-1033,1,-2147483648,2147483647,1,0,-1
203,7 Vaschettas 750 gramos de Ingreso,,,5,MATERIA PRIMA,Individual,1,0,0,ISV - 15%,0.15,0,1,-2147483648,2147483647,1,0,-1
89,8 TOTAL GELATO,SE SUMA TODOS LOS DIFERENTES SABORES DE GELATO EN EXISTENCIA,,5,MATERIA PRIMA,Individual,1,0,0,ISV - 15%,0.15,-9391100,1,-2147483648,2147483647,0,0,-1
205,9 TO GO ingreso,,,5,MATERIA PRIMA,Individual,1,0,0,ISV - 15%,0.15,-843,1,-2147483648,2147483647,1,0,-1
257,ACETO BALSAMICO DI MODENA IGP BOTTIGLIA - 250 ML,,8056515244974,11,RISTORIS,Individual,1,41,165,ISV - 15%,0.15,-6,1,0,0,1,1,0
19,AFFOGATTO AL CAFE,,,2,2. CAFE,Compuesto,1,25,145,ISV - 15%,0.15,-651,1,0,0,1,1,0
23,AGUA,,,3,1. BEBIDAS,Individual,1,6,40,ISV - 15%,0.15,-1833,1,0,0,1,1,1
129,ALMENDRA,,,6,SABORES GELATO,Individual,1,0,0,ISV - 15%,0.15,0,1,-2147483648,2147483647,0,0,-1
124,ARACHIDI E CARAMELLO SALATO,GELATO DE SABORARACHIDI E CARAMELLO SALATO YA TERMINADO EN KILOS,,6,SABORES GELATO,Individual,1,0,0,ISV - 15%,0.15,0,1,-2147483648,2147483647,0,0,-1
182,ARANCINO,,,4,5. COMIDAS,Individual,1,60,135,ISV - 15%,0.15,-10,1,-2147483648,2147483647,1,0,-1
37,ARANDANOS,,,5,MATERIA PRIMA,Individual,1,344,0,ISV - 15%,0.15,0,1,0,0,1,1,0
123,ARROZ CON LECHE,GELATO DE SABOR ARROZ CON LECHE YA TERMINADO EN KILOS,,6,SABORES GELATO,Individual,1,0,0,ISV - 15%,0.15,0,1,-2147483648,2147483647,0,0,-1
114,AVOCADO,GELATO DE SABOR AVOCADO YA TERMINADO EN KILOS,,6,SABORES GELATO,Individual,1,0,0,ISV - 15%,0.15,0,1,-2147483648,2147483647,0,0,-1
131,AZUCAR EN BOLSA MEDIANA 1.8 KG,,,5,MATERIA PRIMA,Individual,1,45,0,ISV - 15%,0.15,0,1,-2147483648,2147483647,0,0,-1
55,AZUCAR EN BOLSA PEQUENA 920 GR,,,5,MATERIA PRIMA,Individual,1,25.9,0,ISV - 15%,0.15,0,1,0,0,0,1,0
46,AZUCAR EN BOLSITA PARA CAFE,,,5,MATERIA PRIMA,Individual,1,30,0,ISV - 15%,0.15,0,1,0,0,1,1,0
63,AZUCAR INVERTIDA,,,5,MATERIA PRIMA,Individual,1,190,0,ISV - 15%,0.15,0,1,0,0,1,1,0
45,AZUCAR MORENA EN BOLSITA PARA CAFE,,,5,MATERIA PRIMA,Individual,1,40,0,ISV - 15%,0.15,0,1,0,0,1,1,0
12,BANANA SPLIT,,,1,4. GELATO PREMIUM,Compuesto,1,65,190,ISV - 15%,0.15,-300,1,0,0,1,1,0
176,Banano,,,5,MATERIA PRIMA,Individual,1,6.5,0,Exento,0,0,1,-2147483648,2147483647,1,0,-1
29,BISCOTTO,,,4,5. COMIDAS,Individual,1,25,45,ISV - 15%,0.15,0,1,0,0,1,1,0
140,BISCOTTO DELLA NONNA,,,6,SABORES GELATO,Individual,1,0,0,ISV - 15%,0.15,0,1,-2147483648,2147483647,1,0,-1
107,BISCOTTO LIMONE MERINGHE,GELATO DE SABOR BISCOTTO LIMONE MERINGHE YA TERMINADO EN KILOS,,6,SABORES GELATO,Individual,1,0,0,ISV - 15%,0.15,0,1,-2147483648,2147483647,0,0,-1
171,BOLETA DE COMPRA,Utilizado para cualquier gasto de caja chica por el cual se efectué una boleta de compra,,5,MATERIA PRIMA,Individual,1,0,0,Exento,0,0,1,-2147483648,2147483647,1,0,-1
61,BOTE DE HERSHEY EN POLVO,,,5,MATERIA PRIMA,Individual,1,270,0,ISV - 15%,0.15,0,1,0,0,1,1,0
188,BRIOCHE,,,4,5. COMIDAS,Individual,1,35,125,ISV - 15%,0.15,0,1,-2147483648,2147483647,1,0,-1
43,CACAHUATE,,,5,MATERIA PRIMA,Individual,1,0,0,ISV - 15%,0.15,0,1,0,0,1,1,0
15,CAFE CON LECHE C,,,2,2. CAFE,Compuesto,1,11,70,Exento,0,-665,1,0,0,1,1,1
18,CAFE CON LECHE HELADO,,,2,2. CAFE,Compuesto,1,25,90,Exento,0,-202,1,0,0,1,1,0
17,CAFE CON LECHE L,,,2,2. CAFE,Compuesto,1,12,75,Exento,0,-298,1,0,0,1,1,0
14,CAFE CON LECHE M,,,2,2. CAFE,Compuesto,1,11,60,Exento,0,-67,1,0,0,1,1,0
166,CAFE HELADO AMERICANO,,,2,2. CAFE,Compuesto,1,10,60,Exento,0,-16,1,0,0,1,1,0
16,CAFE NEGRO AMERICANO,,,2,2. CAFE,Compuesto,1,10,60,Exento,0,-523,1,0,0,1,1,0
38,CAFE PARA GELATO,,,5,MATERIA PRIMA,Individual,1,0,0,ISV - 15%,0.15,0,1,0,0,1,1,0
239,CARPACCIO DI TARTUFO-OLIO EVO VASO VETRO 80G,,8056515244196,11,RISTORIS,Individual,1,198,620,ISV - 15%,0.15,-2,1,0,0,1,1,0
20,CHAI,,,3,1. BEBIDAS,Individual,1,10,95,ISV - 15%,0.15,-52,1,0,0,1,1,0
208,CHAI HELADO,,,3,1. BEBIDAS,Individual,1,40,120,ISV - 15%,0.15,-44,1,-2147483648,2147483647,1,0,-1
184,CHOCOLATE CALIENTE,,,3,1. BEBIDAS,Individual,1,35,90,ISV - 15%,0.15,-99,1,-2147483648,2147483647,1,0,-1
119,CIOCCOLATO AL LATTE,GELATO DE SABOR CIOCCOLATO AL LATTE YA TERMINADO EN KILOS,,6,SABORES GELATO,Individual,1,0,0,ISV - 15%,0.15,0,1,-2147483648,2147483647,0,0,-1
127,CIOCCOLATO FONDENTE,GELATO DE SABOR CIOCCOLATO FONDENTE YA TERMINADO EN KILOS,,6,SABORES GELATO,Individual,1,0,0,ISV - 15%,0.15,0,1,-2147483648,2147483647,0,0,-1
272,Colatura di Alici Bottiglia 250 ml,,8056515248316,11,RISTORIS,Individual,1,320,850,ISV - 15%,0.15,0,1,-2147483648,2147483647,1,0,-1
271,Condimento Olio al Peperoncino 250 ml,,8056515247104,11,RISTORIS,Individual,1,130,350,ISV - 15%,0.15,0,1,-2147483648,2147483647,1,0,-1
144,CONO CLASSICO,CONO CLASSICO CON INGREDIENTES NATURALES,,7,3. GELATO ARTESANAL,Compuesto,1,35,135,Exento,0,-2623,1,-2147483648,2147483647,1,0,-1
1,CONO CLASSICO,,,1,4. GELATO PREMIUM,Compuesto,1,35,135,ISV - 15%,0.15,-111,1,0,0,1,1,1
5,CONO GRANDE,,,1,4. GELATO PREMIUM,Compuesto,1,40,160,ISV - 15%,0.15,-3,1,0,0,1,1,0
147,CONO GRANDE,,,7,3. GELATO ARTESANAL,Compuesto,1,55,160,Exento,0,-33,1,-2147483648,2147483647,1,0,-1
150,CONO PICCOLO,,,7,3. GELATO ARTESANAL,Compuesto,1,25,120,Exento,0,-8706,1,-2147483648,2147483647,1,0,-1
133,CONO PICCOLO,,,1,4. GELATO PREMIUM,Compuesto,1,25,120,ISV - 15%,0.15,-359,1,-2147483648,2147483647,1,0,0
74,CONO WAFFLE GRANDE MATERIA PRIMA,,,5,MATERIA PRIMA,Compuesto,1,0,0,ISV - 15%,0.15,0,1,0,0,1,1,0
73,CONO WAFFLE PEQUENO MATERIA PRIMA,,,5,MATERIA PRIMA,Compuesto,1,0,0,ISV - 15%,0.15,0,1,0,0,1,1,0
59,CONTENEDOR CON PEDAZOS DE ALMENDRA,,,5,MATERIA PRIMA,Individual,1,0,0,ISV - 15%,0.15,0,1,0,0,1,1,0
2,COPPA CLASSICA,,,1,4. GELATO PREMIUM,Compuesto,1,35,135,ISV - 15%,0.15,-938,1,0,0,1,1,1
145,COPPA CLASSICA,,,7,3. GELATO ARTESANAL,Compuesto,1,40,135,Exento,0,-16649,1,-2147483648,2147483647,1,0,-1
6,COPPA GRANDE,,,1,4. GELATO PREMIUM,Compuesto,1,55,160,ISV - 15%,0.15,-199,1,0,0,1,1,0
148,COPPA GRANDE,,,7,3. GELATO ARTESANAL,Compuesto,1,55,160,Exento,0,-3533,1,-2147483648,2147483647,1,0,-1
146,COPPA PICCOLA,,,7,3. GELATO ARTESANAL,Compuesto,1,25,120,Exento,0,-13291,1,-2147483648,2147483647,1,0,-1
4,COPPA PICCOLA,,,1,4. GELATO PREMIUM,Compuesto,1,25,120,ISV - 15%,0.15,-744,1,0,0,1,1,0
196,COPPA VACIA,,,4,5. COMIDAS,Individual,1,5,10,ISV - 15%,0.15,-150,1,-2147483648,2147483647,1,0,-1
154,COPPA WAFFLE GRANDE,,,7,3. GELATO ARTESANAL,Compuesto,1,55,170,Exento,0,-1594,1,-2147483648,2147483647,1,0,-1
8,COPPA WAFFLE GRANDE,,,1,4. GELATO PREMIUM,Compuesto,1,35,170,ISV - 15%,0.15,-137,1,0,0,1,1,0
250,CREMA 5 FORMAGGI - GUSTOSA LATTA 1/2 - 400 G,,8056515242536,11,RISTORIS,Individual,1,165,660,ISV - 15%,0.15,0,1,0,0,1,1,0
132,CREMA DE COCO,,,5,MATERIA PRIMA,Individual,1,150,0,ISV - 15%,0.15,0,1,-2147483648,2147483647,0,0,-1
274,CREMA DE MANI,,,12,CREMAS,Individual,1,45,150,ISV - 15%,0.15,-1,1,-2147483648,2147483647,1,0,-1
252,CREMA DI 'NDUJA VASO 260 G - 314ML,,8056515243649,11,RISTORIS,Individual,1,137,490,ISV - 15%,0.15,-1,1,0,0,1,1,0
244,CREMA DI ZUCCA LATTA 1/2 - 400 G,,8056515242550,11,RISTORIS,Individual,1,85,342,ISV - 15%,0.15,0,1,0,0,1,1,0
265,CREPA DUBAI,,,4,5. COMIDAS,Individual,1,120,280,ISV - 15%,0.15,-316,1,-2147483648,2147483647,1,0,-1
263,CREPAS,,,4,5. COMIDAS,Individual,1,60,220,ISV - 15%,0.15,-542,1,-2147483648,2147483647,1,0,-1
76,CUCHARAS PARA EL GELATO,,,5,MATERIA PRIMA,Individual,1,0.246,0,ISV - 15%,0.15,0,1,0,0,1,1,0
56,DESTROSIO EN SACO,,,5,MATERIA PRIMA,Individual,1,1100,0,ISV - 15%,0.15,0,1,0,0,1,1,0
126,DULCE DE LECHE,GELATO DE SABOR DULCE DE LECHE YA TERMINADO EN KILOS,,6,SABORES GELATO,Individual,1,0,0,ISV - 15%,0.15,0,1,-2147483648,2147483647,0,0,-1
44,DULCE DE LECHE,,,5,MATERIA PRIMA,Individual,1,0,0,ISV - 15%,0.15,0,1,0,0,1,1,0
71,ENVASE TO-GO,,,5,MATERIA PRIMA,Individual,1,4.8,0,ISV - 15%,0.15,0,1,0,0,1,1,0
13,ESPRESSO,,,2,2. CAFE,Compuesto,1,7,40,Exento,0,-73,1,0,0,1,1,0
143,EXTRA CONO WAFFLE,CONO EXTRA DE WAFFLE VENDIDO SIN GELATO,,1,4. GELATO PREMIUM,Compuesto,1,3,15,ISV - 15%,0.15,-620,1,-2147483648,2147483647,1,0,-1
155,EXTRA CONO WAFFLE,,,7,3. GELATO ARTESANAL,Compuesto,1,5,15,Exento,0,-1491,1,-2147483648,2147483647,1,0,-1
173,Extra gelato,,,4,5. COMIDAS,Individual,1,15,45,ISV - 15%,0.15,-7,1,-2147483648,2147483647,1,0,-1
106,FIOR DI LATTE,GELATO DE SABOR FIOR DI LATTE YA TERMINADO EN KILOS,,6,SABORES GELATO,Individual,1,0,0,ISV - 15%,0.15,0,1,-2147483648,2147483647,0,0,-1
280,FLAN,,,4,5. COMIDAS,Individual,1,60,120,ISV - 15%,0.15,-18,1,-2147483648,2147483647,1,0,-1
30,FRESA,,,5,MATERIA PRIMA,Individual,1,155,0,ISV - 15%,0.15,0,1,0,0,1,1,0
88,FRESA AL LATTE,GELATO DE SABOR FRESA AL LATTE YA TERMINADO EN KILOS,,6,SABORES GELATO,Individual,1,0,0,ISV - 15%,0.15,0,1,-2147483648,2147483647,0,0,-1
136,Fresa sin azucar para diabeticos,,,6,SABORES GELATO,Individual,1,0,0,ISV - 15%,0.15,0,1,-2147483648,2147483647,0,0,-1
175,Fresas,,,5,MATERIA PRIMA,Individual,1,70,0,Exento,0,0,1,-2147483648,2147483647,1,0,-1
27,FRULLATO (GELATO SHAKE),,,3,1. BEBIDAS,Individual,1,45,160,Exento,0,-948,1,0,0,1,1,0
270,Frutti di Bosco allo Sciroppo Vetro 580 g,,8056515242727,11,RISTORIS,Individual,1,180,400,ISV - 15%,0.15,0,1,-2147483648,2147483647,1,0,-1
237,FUNGHI CHAMPIGNONS - S.P. LATTA 3/1 - 2500 G,,8056515240877,11,RISTORIS,Individual,1,146,500,ISV - 15%,0.15,0,1,0,0,1,1,0
28,GALLETAS,,,4,5. COMIDAS,Individual,1,25,55,ISV - 15%,0.15,-211,1,0,0,1,1,0
157,Gelato a domicilio,,,8,6. EVENTOS,Individual,1,150,500,ISV - 15%,0.15,0,1,-2147483648,2147483647,1,0,-1
207,GELATO PRO +,,,7,3. GELATO ARTESANAL,Individual,1,15,35,ISV - 15%,0.15,-1390,1,-2147483648,2147483647,1,0,-1
194,GELATO SIN AZUCAR,,,7,3. GELATO ARTESANAL,Individual,1,20,25,ISV - 15%,0.15,-6189,1,-2147483648,2147483647,1,0,-1
117,GIANDUIA,GELATO DE SABOR GIANDUIA YA TERMINADO EN KILOS,,6,SABORES GELATO,Individual,1,0,0,ISV - 15%,0.15,0,1,-2147483648,2147483647,0,0,-1
161,Granita de cafe,,,2,2. CAFE,Individual,1,15,85,Exento,0,0,1,-2147483648,2147483647,1,0,-1
58,HARINA,,,5,MATERIA PRIMA,Individual,1,0,0,ISV - 15%,0.15,0,1,0,0,1,1,0
62,HERSHEY LIQUIDO,,,5,MATERIA PRIMA,Individual,1,250,0,ISV - 15%,0.15,0,1,0,0,1,1,0
41,HIGO,,,5,MATERIA PRIMA,Individual,1,0,0,ISV - 15%,0.15,0,1,0,0,1,1,0
138,HIGO FICO CARAMELATTO,,,6,SABORES GELATO,Individual,1,0,0,ISV - 15%,0.15,0,1,-2147483648,2147483647,0,0,-1
122,HORCHATA,GELATO DE SABOR HORCHATA YA TERMINADO EN KILOS,,6,SABORES GELATO,Individual,1,0,0,ISV - 15%,0.15,0,1,-2147483648,2147483647,0,0,-1
84,JUGO DE NARANJA,,,5,MATERIA PRIMA,Individual,1,0,0,ISV - 15%,0.15,0,1,0,0,1,1,0
52,LECHE ALMENDRA MATERIA PRIMA,,,5,MATERIA PRIMA,Individual,1,70,0,ISV - 15%,0.15,0,1,0,0,1,1,0
60,LECHE CONDENSADA,,,5,MATERIA PRIMA,Individual,1,45,0,ISV - 15%,0.15,0,1,0,0,1,1,0
130,LECHE DE COCO,LECHE DE COCO EN LATA,,5,MATERIA PRIMA,Individual,1,75,0,ISV - 15%,0.15,0,1,-2147483648,2147483647,0,0,-1
170,LECHE DE VACA,,,5,MATERIA PRIMA,Individual,1,0,18,Exento,0,0,1,-2147483648,2147483647,1,0,-1
49,LECHE DESCREMADA MATERIA PRIMA,,,5,MATERIA PRIMA,Individual,1,30,0,ISV - 15%,0.15,0,1,0,0,1,1,0
53,LECHE DESLACTOSADA MATERIA PRIMA,,,5,MATERIA PRIMA,Individual,1,30,0,ISV - 15%,0.15,0,1,0,0,1,1,0
57,LECHE EN POLVO EN SACO,,,5,MATERIA PRIMA,Individual,1,3450,0,ISV - 15%,0.15,0,1,0,0,1,1,0
100,LECHE EXTRA - ALMENDRA,,,2,2. CAFE,Individual,1,10,35,Exento,0,-177,1,0,0,1,1,0
22,LECHE EXTRA - DESCREMADA,,,2,2. CAFE,Individual,1,6,25,Exento,0,-143,1,0,0,1,1,0
101,LECHE EXTRA - SEMIDESCREMADA,,,2,2. CAFE,Individual,1,6,25,Exento,0,-69,1,-2147483648,2147483647,1,0,-1
99,LECHE EXTRA -DESLACTOSADA,,,2,2. CAFE,Individual,1,6,25,Exento,0,-517,1,0,0,1,1,0
54,LECHE PURA DE VACA ENTERA MATERIA PRIMA,,,5,MATERIA PRIMA,Individual,1,16,0,ISV - 15%,0.15,0,1,0,0,1,1,0
50,LECHE SEMI DESCREMADA MATERIA PRIMA,,,5,MATERIA PRIMA,Individual,1,30,0,ISV - 15%,0.15,0,1,0,0,1,1,0
51,LECHE SOYA MATERIA PRIMA,,,5,MATERIA PRIMA,Individual,1,0,0,ISV - 15%,0.15,0,1,0,0,1,1,0
178,LIMONCELLO,,,5,MATERIA PRIMA,Individual,1,710,0,ISV - 15%,0.15,0,1,-2147483648,2147483647,0,0,-1
39,LIMONES,,,5,MATERIA PRIMA,Individual,1,0,0,ISV - 15%,0.15,0,1,0,0,1,1,0
213,MACARONS,,,10,PASTELES,Individual,1,35,120,ISV - 15%,0.15,-50,1,-2147483648,2147483647,1,0,-1
183,MACARONS,,,4,5. COMIDAS,Individual,1,50,95,ISV - 15%,0.15,-2,1,-2147483648,2147483647,1,0,-1
109,MALAGA,GELATO DE SABOR MALAGA YA TERMINADO EN KILOS,,6,SABORES GELATO,Individual,1,0,0,ISV - 15%,0.15,0,1,-2147483648,2147483647,0,0,-1
83,MALTODEXTRINA,,,5,MATERIA PRIMA,Individual,1,0,0,ISV - 15%,0.15,0,1,0,0,1,1,0
31,MANZANA,,,5,MATERIA PRIMA,Individual,1,0,0,ISV - 15%,0.15,0,1,0,0,1,1,0
125,MANZANA PARA DIABETICOS,GELATO DE SABOR MANZANA PARA DIABETICOS YA TERMINADO EN KILOS,,6,SABORES GELATO,Individual,1,0,0,ISV - 15%,0.15,0,1,-2147483648,2147483647,0,0,-1
33,MARACUYA,,,5,MATERIA PRIMA,Individual,1,0,0,ISV - 15%,0.15,0,1,0,0,1,1,0
90,MARACUYA CONDENSADO,,,6,SABORES GELATO,Individual,1,0,0,ISV - 15%,0.15,0,1,-2147483648,2147483647,0,0,-1
273,MATCHA,,,3,1. BEBIDAS,Individual,1,35,90,ISV - 15%,0.15,-1,1,-2147483648,2147483647,1,0,-1
108,MIRTILLO,GELATO DE SABOR MIRTILLO YA TERMINADO EN KILOS,,6,SABORES GELATO,Individual,1,0,0,ISV - 15%,0.15,0,1,-2147483648,2147483647,0,0,-1
215,MISTO FUNGHI IN OLIO VASO 314ML - 295G,,8056515245216,11,RISTORIS,Individual,1,80,244,ISV - 15%,0.15,-4,1,0,0,1,1,0
195,MOCCA,CAFE Y CHOCOLATE,,3,1. BEBIDAS,Individual,1,30,95,ISV - 15%,0.15,-24,1,-2147483648,2147483647,1,0,-1
212,MONOPORZIONE,,,10,PASTELES,Individual,1,60,150,ISV - 15%,0.15,-483,1,-2147483648,2147483647,1,0,-1
34,MORA,,,5,MATERIA PRIMA,Individual,1,66,0,ISV - 15%,0.15,0,1,0,0,1,1,0
35,NARANJA,,,5,MATERIA PRIMA,Individual,1,0,0,ISV - 15%,0.15,0,1,0,0,1,1,0
139,NARANJA ARANCIA A LA CREMA,,,6,SABORES GELATO,Individual,1,0,0,ISV - 15%,0.15,0,1,-2147483648,2147483647,0,0,-1
254,NERO DI SEPPIA VASO 230 GR,,8056515247197,11,RISTORIS,Individual,1,189,650,ISV - 15%,0.15,-1,1,0,0,1,1,0
112,NUEVO SABOR,NUEVO SABOR,,6,SABORES GELATO,Individual,1,0,0,ISV - 15%,0.15,0,1,-2147483648,2147483647,0,0,-1
91,NUEVO SABOR 2,NUEVO SABOR 2,,6,SABORES GELATO,Individual,1,0,0,ISV - 15%,0.15,0,1,-2147483648,2147483647,1,0,-1
240,OLIO EVO AL TARTUFO BIANCO BOTTIGLIA - 250 ML,,8056515244103,11,RISTORIS,Individual,1,171,490,ISV - 15%,0.15,-6,1,0,0,1,1,0
256,OLIO EXTRAVERGINE DI OLIVA BOTTIGLIA - 1 L,,8056515243045,11,RISTORIS,Individual,1,212,500,ISV - 15%,0.15,-32,1,0,0,1,1,0
255,OLIO EXTRAVERGINE DI OLIVA BOTTIGLIA - 250 ML,,8056515247111,11,RISTORIS,Individual,1,98,250,ISV - 15%,0.15,-12,1,0,0,1,1,0
216,OLIVE GIGANTI TRIFOLATE VASO 314ML - 320G,,8056515245278,11,RISTORIS,Individual,1,92,300,ISV - 15%,0.15,0,1,0,0,1,1,0
217,OLIVE TAGGIASCHE DENOCCIOLATE IN OLIO EVO,,8056515245285,11,RISTORIS,Individual,1,140,500,ISV - 15%,0.15,0,1,0,0,1,1,0
206,PAN,,,4,5. COMIDAS,Individual,1,28,65,ISV - 15%,0.15,-75,1,-2147483648,2147483647,1,0,-1
181,PAN DE VAINILLA PANOTEKA,,,5,MATERIA PRIMA,Individual,1,85,0,Exento,0,0,1,-2147483648,2147483647,1,0,-1
48,PANNA 35 PORCIENTO,,,5,MATERIA PRIMA,Individual,1,77,0,ISV - 15%,0.15,0,1,0,0,1,1,0
10,PARA LLEVAR 1 KILO,,,1,4. GELATO PREMIUM,Compuesto,1,170,560,ISV - 15%,0.15,-1033,1,0,0,1,1,0
11,PARA LLEVAR 1.5 KILO,,,1,4. GELATO PREMIUM,Compuesto,1,210,740,ISV - 15%,0.15,-187,1,0,0,1,1,0
9,PARA LLEVAR 750 GR,,,1,4. GELATO PREMIUM,Compuesto,1,125,425,ISV - 15%,0.15,0,1,0,0,1,1,0
209,PASTEL GRANDE,,,10,PASTELES,Individual,1,500,1200,ISV - 15%,0.15,-11,1,-2147483648,2147483647,1,0,-1
210,PASTEL MEDIANO,,,10,PASTELES,Individual,1,350,750,ISV - 15%,0.15,-34,1,-2147483648,2147483647,1,0,-1
211,PASTEL PEQUENO,,,10,PASTELES,Individual,1,250,500,ISV - 15%,0.15,-30,1,-2147483648,2147483647,1,0,-1
64,PEDAZITOS DE COCO,,,5,MATERIA PRIMA,Individual,1,319,0,ISV - 15%,0.15,0,1,0,0,1,1,0
241,PESTO ALLA GENOVESE S.C. VASO VETRO ML 580 - 500 G,,8056515242246,11,RISTORIS,Individual,1,88,350,ISV - 15%,0.15,-16,1,0,0,1,1,0
218,PESTO ALLA GENOVESE VASO 212ML - 210G,,8056515245414,11,RISTORIS,Individual,1,61,250,ISV - 15%,0.15,-26,1,0,0,1,1,0
262,PESTO DI AGRUMI VASO VETRO ML 580 - 500 G,,8056515245971,11,RISTORIS,Individual,1,177,600,ISV - 15%,0.15,0,1,0,0,1,1,0
277,PESTO DI ANANAS VASO VETRO ML 580,,8056515248897,11,RISTORIS,Individual,1,250,500,ISV - 15%,0.15,0,1,-2147483648,2147483647,1,0,-1
275,PESTO DI FRAGOLE VASO VETRO ML 580,,8056515248903,11,RISTORIS,Individual,1,250,500,ISV - 15%,0.15,0,1,-2147483648,2147483647,1,0,-1
219,PESTO ROSSO VASO 212ML - 210G,,8056515245421,11,RISTORIS,Individual,1,67,250,ISV - 15%,0.15,0,1,0,0,1,1,0
242,PESTO ROSSO VASO VETRO ML 580 - 520 G,,8056515242253,11,RISTORIS,Individual,1,140,490,ISV - 15%,0.15,-1,1,0,0,1,1,0
32,PINA,,,5,MATERIA PRIMA,Individual,1,0,0,ISV - 15%,0.15,0,1,0,0,1,1,0
118,PINA COLADA,GELATO DE SABOR PINA COLADA YA TERMINADO EN KILOS,,6,SABORES GELATO,Individual,1,0,0,ISV - 15%,0.15,0,1,-2147483648,2147483647,0,0,-1
266,PISTACCHIELLA DOLCE,,,12,CREMAS,Individual,1,150,380,ISV - 15%,0.15,-163,1,-2147483648,2147483647,1,0,-1
113,PISTACCHIO,GELATO DE SABOR PISTACCHIO YA TERMINADO EN KILOS,,6,SABORES GELATO,Individual,1,0,0,ISV - 15%,0.15,0,1,-2147483648,2147483647,0,0,-1
42,PISTACCHIO EN GRANO,,,5,MATERIA PRIMA,Individual,1,0,0,ISV - 15%,0.15,0,1,0,0,1,1,0
128,PISTACCHIO PARA DIABETICOS,GELATO DE SABOR PISTACCHIO PARA DIABETICOS YA TERMINADO EN KILOS,,6,SABORES GELATO,Individual,1,0,0,ISV - 15%,0.15,0,1,-2147483648,2147483647,0,0,-1
278,POLVERE DI TARTUFO BOTTIGLIA - 50 ML,,8056515248484,11,RISTORIS,Individual,1,275,550,ISV - 15%,0.15,0,1,-2147483648,2147483647,1,0,-1
235,POMODORI CILIEG ROSSI SEMISEC LATTA 4/4 - 750 G,,8056515240310,11,RISTORIS,Individual,1,171,650,ISV - 15%,0.15,0,1,0,0,1,1,0
214,POMODORI SECCHI VASO 314ML - 295G,,8056515245193,11,RISTORIS,Individual,1,59,240,ISV - 15%,0.15,-10,1,0,0,1,1,0
279,POMODORI SECCHI VASO VETRO ML 3100,,8056515243793,11,RISTORIS,Individual,1,550,1100,ISV - 15%,0.15,0,1,-2147483648,2147483647,1,0,-1
236,POMODORI VERDI SEMISEC- AL COL LATTA 4/4 - 750 G,,8056515240341,11,RISTORIS,Individual,1,140,500,ISV - 15%,0.15,0,1,0,0,1,1,0
86,QUESO FILADELFIA,,,5,MATERIA PRIMA,Individual,1,0,0,ISV - 15%,0.15,0,1,0,0,1,1,0
179,Queso requeson la economica don guayo,,,5,MATERIA PRIMA,Individual,1,55.4,0,Exento,0,0,1,-2147483648,2147483647,0,0,-1
258,RAGU DI CINGHIALE LATTA 4/4 - 800 G,,8056515240471,11,RISTORIS,Individual,1,299,800,ISV - 15%,0.15,0,1,0,0,1,1,0
268,Ravioli Secchi Sacchetto 1000 g,,8005180011046,11,RISTORIS,Individual,1,180,350,ISV - 15%,0.15,-4,1,-2147483648,2147483647,1,0,-1
85,REQUESON,,,5,MATERIA PRIMA,Individual,1,0,0,ISV - 15%,0.15,0,1,0,0,1,1,0
40,RICOTTA,,,5,MATERIA PRIMA,Individual,1,0,0,ISV - 15%,0.15,0,1,0,0,1,1,0
116,RICOTTA,GELATO DE SABOR RICOTTA YA TERMINADO EN KILOS,,6,SABORES GELATO,Individual,1,0,0,ISV - 15%,0.15,0,1,-2147483648,2147483647,0,0,-1
259,RISO ARBORIO ASTUCCIO KG 1,,8056515240518,11,RISTORIS,Individual,1,85,275,ISV - 15%,0.15,-65,1,0,0,1,1,0
260,RISO CARNAROLI ASTUCCIO KG 1,,8056515240525,11,RISTORIS,Individual,1,85,250,ISV - 15%,0.15,-10,1,0,0,1,1,0
180,SABORIZANTES,,,2,2. CAFE,Individual,1,10,30,ISV - 15%,0.15,-100,1,-2147483648,2147483647,1,0,-1
249,SALSA ALLO ZAFFERANO VASO VETRO 425 ML - 380 GR,,8056515247265,11,RISTORIS,Individual,1,162,650,ISV - 15%,0.15,-1,1,0,0,1,1,0
269,Salsa all’Aceto Balsamico di Modena 500 ml,,8056515244219,11,RISTORIS,Individual,1,90,190,ISV - 15%,0.15,-3,1,-2147483648,2147483647,1,0,-1
267,SALSA DE PISTACHO SUGAR FREE,,,12,CREMAS,Individual,1,230,400,ISV - 15%,0.15,-13,1,-2147483648,2147483647,1,0,-1
245,SALSA DI ASPARAGI VASO VETRO ML 580 - 520 G,,8056515242437,11,RISTORIS,Individual,1,140,450,ISV - 15%,0.15,-1,1,0,0,1,1,0
222,SALSA DI CARCIOFI VASO 212ML - 210G,,8056515245445,11,RISTORIS,Individual,1,79,320,ISV - 15%,0.15,0,1,0,0,1,1,0
243,SALSA DI NOCI VASO VETRO ML 580 - 510 G,,8056515242277,11,RISTORIS,Individual,1,156,550,ISV - 15%,0.15,-1,1,0,0,1,1,0
226,SALSA DI OLIVE NERE VASO 212ML - 225G,,8056515245490,11,RISTORIS,Individual,1,61,244,ISV - 15%,0.15,-7,1,0,0,1,1,0
225,SALSA DI OLIVE VERDI VASO 212ML - 225G,,8056515245483,11,RISTORIS,Individual,1,61,244,ISV - 15%,0.15,-3,1,0,0,1,1,0
247,SALSA DI OLIVE VERDI VASO VETRO ML 580 - 510 G,,8056515242376,11,RISTORIS,Individual,1,88,380,ISV - 15%,0.15,0,1,0,0,1,1,0
251,SALSA DI PECORINO ROMANO VASO VETRO ML 580 - 540 G,,8056515242307,11,RISTORIS,Individual,1,332,900,ISV - 15%,0.15,0,1,0,0,1,1,0
224,SALSA DI PEPERONI VASO 212ML - 225G,,8056515245476,11,RISTORIS,Individual,1,85,342,ISV - 15%,0.15,0,1,0,0,1,1,0
248,SALSA DI PISTACCHIO - RICETTA VASO VETRO ML 580 - 520 G,,8056515242420,11,RISTORIS,Individual,1,363,950,ISV - 15%,0.15,-2,1,0,0,1,1,0
227,SALSA DI POMODORI SECCHI VASO 212ML - 225G,,8056515245506,11,RISTORIS,Individual,1,85,342,ISV - 15%,0.15,0,1,0,0,1,1,0
231,SALSA DI POMODORO DATTERINI BOTTIGLIA 330 ML,,8056515247203,11,RISTORIS,Individual,1,52,207,ISV - 15%,0.15,0,1,0,0,1,1,0
223,SALSA DI RADICCHIO VASO 212ML - 225G,,8056515245469,11,RISTORIS,Individual,1,73,290,ISV - 15%,0.15,0,1,0,0,1,1,0
246,SALSA PEPERONCINI PICCANTI VASO VETRO ML 580,,8056515244882,11,RISTORIS,Individual,1,116,400,ISV - 15%,0.15,-12,1,0,0,1,1,0
221,SALSA PICCANTISSIMA VASO 212ML - 225G,,8056515245513,11,RISTORIS,Individual,1,73,290,ISV - 15%,0.15,-1,1,0,0,1,1,0
276,SALSA PRONTA PER BRUSCHETTA VASO VETRO ML 1062 - 1000 G,,8056515242192,11,RISTORIS,Individual,1,175,350,ISV - 15%,0.15,0,1,-2147483648,2147483647,1,0,-1
261,SALSA TARTUFATA - LAV. DAL FRE SCO - VASO VETRO ML,,8056515242444,11,RISTORIS,Individual,1,189,700,ISV - 15%,0.15,-6,1,0,0,1,1,0
220,SALSA TARTUFATA VASO 212ML - 225G,,8056515245438,11,RISTORIS,Individual,1,122,490,ISV - 15%,0.15,-4,1,0,0,1,1,0
165,Seleccion 1,,,9,Seleccionables,Seleccionable,1,0,0,ISV - 15%,0.15,0,1,-2147483648,2147483647,1,0,-1
163,Seleccion 2,,,9,Seleccionables,Seleccionable,1,0,0,ISV - 15%,0.15,0,1,-2147483648,2147483647,1,0,-1
156,SERVICIO DE EVENTOS,,,8,6. EVENTOS,Individual,1,2000,4000,ISV - 15%,0.15,0,1,-2147483648,2147483647,1,0,-1
75,SERVILLETA DEL GELATO,,,5,MATERIA PRIMA,Individual,1,1,0,ISV - 15%,0.15,0,1,0,0,1,1,0
104,SORBETTO ARANCIA,GELATO DE SABOR ARANCIA YA TERMINADO EN KILOS,,6,SABORES GELATO,Individual,1,0,0,ISV - 15%,0.15,0,1,-2147483648,2147483647,0,0,-1
102,SORBETTO DI FRAGOLA,GELATO DE SABOR FRESA YA TERMINADO EN KILOS,,6,SABORES GELATO,Individual,1,0,0,ISV - 15%,0.15,0,1,-2147483648,2147483647,0,0,-1
105,SORBETTO LIMONCELLO,GELATO DE SABOR LIMONCELLO YA TERMINADO EN KILOS,,6,SABORES GELATO,Individual,1,0,0,ISV - 15%,0.15,0,1,-2147483648,2147483647,0,0,-1
121,SORBETTO MANGO,GELATO DE SABOR FRESA AL LATTE YA TERMINADO EN KILOS,,6,SABORES GELATO,Individual,1,0,0,ISV - 15%,0.15,0,1,-2147483648,2147483647,0,0,-1
103,SORBETTO MELA VERDE,GELATO DE SABOR FRESA AL LATTE YA TERMINADO EN KILOS,,6,SABORES GELATO,Individual,1,0,0,ISV - 15%,0.15,0,1,-2147483648,2147483647,0,0,-1
120,SORBETTO PINA,GELATO DE SABOR FRESA AL LATTE YA TERMINADO EN KILOS,,6,SABORES GELATO,Individual,1,0,0,ISV - 15%,0.15,0,1,-2147483648,2147483647,0,0,-1
47,STEVIA,,,5,MATERIA PRIMA,Individual,1,68,0,ISV - 15%,0.15,0,1,0,0,1,1,0
135,Straciatella,Sabor de straciatella ya terminado,,6,SABORES GELATO,Individual,1,0,0,ISV - 15%,0.15,0,1,-2147483648,2147483647,1,0,-1
228,SUGO AI FUNGHI PORCINI VASO 212ML - 225G,,8056515245582,11,RISTORIS,Individual,1,113,390,ISV - 15%,0.15,0,1,0,0,1,1,0
232,SUGO AL POMODORO VASO 314ML - 295G,,8056515245339,11,RISTORIS,Individual,1,52,207,ISV - 15%,0.15,-5,1,0,0,1,1,0
229,SUGO ALL'AMATRICIANA VASO 212ML - 200G,,8056515245643,11,RISTORIS,Individual,1,101,390,ISV - 15%,0.15,-2,1,0,0,1,1,0
233,SUGO ALL'ARRABBIATA VASO 314ML - 295G,,8056515245346,11,RISTORIS,Individual,1,52,207,ISV - 15%,0.15,0,1,0,0,1,1,0
234,SUGO ALLA PUTTANESCA VASO 314ML - 295G,,8056515245353,11,RISTORIS,Individual,1,67,268,ISV - 15%,0.15,0,1,0,0,1,1,0
230,SUGO CACIO E PEPE VASO 212ML - 200G,,8056515245728,11,RISTORIS,Individual,1,140,390,ISV - 15%,0.15,-17,1,0,0,1,1,0
70,TAPADERA COPA DE GELATO GRANDE,,,5,MATERIA PRIMA,Individual,1,0.679,0,ISV - 15%,0.15,0,1,0,0,1,1,0
68,TAPADERA COPA DE GELATO MEDIANA,,,5,MATERIA PRIMA,Individual,1,0.6494,0,ISV - 15%,0.15,0,1,0,0,1,1,0
66,TAPADERA COPA DE GELATO PEQUENA,,,5,MATERIA PRIMA,Individual,1,0.5978,0,ISV - 15%,0.15,0,1,0,0,1,1,0
72,TAPADERA TO GO,,,5,MATERIA PRIMA,Individual,1,7.38,0,ISV - 15%,0.15,0,1,0,0,1,1,0
78,TAPADERAS DE VASO DE CAFE,,,5,MATERIA PRIMA,Individual,1,1,0,ISV - 15%,0.15,0,1,0,0,1,1,0
281,TIRAMISU,,,4,5. COMIDAS,Individual,1,80,150,ISV - 15%,0.15,-25,1,-2147483648,2147483647,1,0,-1
115,TIRAMISU,GELATO DE SABOR FRESA AL LATTE YA TERMINADO EN KILOS,,6,SABORES GELATO,Individual,1,0,0,ISV - 15%,0.15,0,1,-2147483648,2147483647,0,0,-1
7,TO GO,,,1,4. GELATO PREMIUM,Compuesto,1,65,280,ISV - 15%,0.15,-843,1,0,0,1,1,0
264,TOPPING EXTRA,,,7,3. GELATO ARTESANAL,Individual,1,15,30,ISV - 15%,0.15,-2514,1,-2147483648,2147483647,1,0,-1
79,VASCHETTAS PARA GELATO POR KILO O MEDIO KILO MATERIA PRIMA,,,5,MATERIA PRIMA,Individual,1,55,0,ISV - 15%,0.15,0,1,0,0,1,1,0
77,VASOS DE CAFE,,,5,MATERIA PRIMA,Individual,1,2,0,ISV - 15%,0.15,0,1,0,0,1,1,0
137,WHISKY,,,6,SABORES GELATO,Individual,1,0,0,ISV - 15%,0.15,0,1,-2147483648,2147483647,0,0,-1
110,YOGURT,GELATO DE SABOR FRESA AL LATTE YA TERMINADO EN KILOS,,6,SABORES GELATO,Individual,1,0,0,ISV - 15%,0.15,0,1,-2147483648,2147483647,0,0,-1
36,YOGURT,,,5,MATERIA PRIMA,Individual,1,0,0,ISV - 15%,0.15,0,1,0,0,1,1,0
111,YOGURT E AMARENA,GELATO DE SABOR FRESA AL LATTE YA TERMINADO EN KILOS,,6,SABORES GELATO,Individual,1,0,0,ISV - 15%,0.15,0,1,-2147483648,2147483647,0,0,-1
253,"ZAFFERANO BUSTINA GR 0,125",,8056515247241,11,RISTORIS,Individual,1,9,45,ISV - 15%,0.15,0,1,0,0,1,1,0
94,CAFE EN BOLSA,,,2,2. CAFE,Compuesto,0,0,220,ISV - 15%,0.15,0,1,-2147483648,2147483647,1,0,-1
82,CAFE GENERICO,,,5,MATERIA PRIMA,Compuesto,0,190,0,ISV - 15%,0.15,0,1,0,0,1,1,0
80,CAFE PREMIUM,,,5,MATERIA PRIMA,Compuesto,0,250,0,ISV - 15%,0.15,0,1,0,0,1,1,0
81,CAFE SEMI PREMIUM,,,5,MATERIA PRIMA,Compuesto,0,200,0,ISV - 15%,0.15,0,1,0,0,1,1,0
160,Canasta de fruta,,,8,6. EVENTOS,Individual,0,0,50,Exento,0,0,1,-2147483648,2147483647,1,0,-1
162,cono doble,,,4,5. COMIDAS,Compuesto,0,0,100,ISV - 15%,0.15,0,1,-2147483648,2147483647,1,0,-1
69,COPA DE GELATO GRANDE MATERIA PRIMA,,,5,MATERIA PRIMA,Individual,0,3.9,0,ISV - 15%,0.15,0,1,0,0,1,1,0
67,COPA DE GELATO MEDIANA MATERIA PRIMA,,,5,MATERIA PRIMA,Individual,0,1.6,0,ISV - 15%,0.15,0,1,0,0,1,1,0
65,COPA DE GELATO PEQUENA MATERIA PRIMA,,,5,MATERIA PRIMA,Individual,0,1.4,0,ISV - 15%,0.15,0,1,0,0,1,1,0
142,DESACTIVADO,,,1,4. GELATO PREMIUM,Individual,0,0,15,ISV - 15%,0.15,0,0,-2147483648,2147483647,0,0,-1
185,DOLCINO,Pasticceria Italiana helada,,4,5. COMIDAS,Individual,0,50,95,ISV - 15%,0.15,0,1,-2147483648,2147483647,1,0,-1
21,EXTRA (CARAMELO - ALMENDRA - CHOCOLATE),,,2,2. CAFE,Individual,0,10,20,ISV - 15%,0.15,0,1,0,0,1,1,0
24,GASEOSA,,,3,1. BEBIDAS,Individual,0,14,40,ISV - 15%,0.15,0,1,0,0,1,1,0
95,GASEOSA COLA,GASEOSA SABOR COLA,,3,1. BEBIDAS,Individual,0,15,40,ISV - 15%,0.15,0,1,-2147483648,2147483647,1,0,-1
201,GRAN PANETTONE,,,4,5. COMIDAS,Individual,0,600,1300,ISV - 15%,0.15,0,1,-2147483648,2147483647,1,0,-1
26,GRANITA SICILIANA,,,3,1. BEBIDAS,Individual,0,30,130,ISV - 15%,0.15,0,1,0,0,1,1,0
159,Jugo de Naranjas,,,8,6. EVENTOS,Individual,0,0,40,Exento,0,0,1,-2147483648,2147483647,1,0,-1
25,JUGOS NATURALES,,,3,1. BEBIDAS,Individual,0,20,55,ISV - 15%,0.15,0,1,0,0,1,1,0
98,LECHE EXTRA - SOYA,,,2,2. CAFE,Individual,0,10,15,Exento,0,0,1,0,0,1,1,0
134,Mini galletas,,,4,5. COMIDAS,Individual,0,10,30,ISV - 15%,0.15,0,1,-2147483648,2147483647,1,0,-1
169,PAN DULCE,,,4,5. COMIDAS,Individual,0,28,65,ISV - 15%,0.15,0,1,-2147483648,2147483647,1,0,-1
199,PANDORO,,,4,5. COMIDAS,Individual,0,350,890,ISV - 15%,0.15,0,0,-2147483648,2147483647,1,0,-1
197,PANETTONE CLASICO,,,4,5. COMIDAS,Individual,0,350,850,ISV - 15%,0.15,0,0,-2147483648,2147483647,1,0,-1
198,PANETTONE PISTACCHIO,,,4,5. COMIDAS,Individual,0,450,1100,ISV - 15%,0.15,0,0,-2147483648,2147483647,1,0,-1
200,PANETTONE TIRAMISU,,,4,5. COMIDAS,Individual,0,450,1100,ISV - 15%,0.15,0,0,-2147483648,2147483647,1,0,-1
158,Paninos,,,8,6. EVENTOS,Individual,0,0,200,Exento,0,0,1,-2147483648,2147483647,1,0,-1
93,PAQUETE GALLETAS,PAQUETE DE 5 GALLETAS,,4,5. COMIDAS,Individual,0,100,175,ISV - 15%,0.15,0,1,-2147483648,2147483647,1,0,-1
152,PARA LLEVAR 1 KILO,,,7,3. GELATO ARTESANAL,Individual,0,155,495,Exento,0,0,1,-2147483648,2147483647,1,0,-1
153,PARA LLEVAR 1.5 KILO,,,7,3. GELATO ARTESANAL,Individual,0,210,735,Exento,0,0,1,-2147483648,2147483647,1,0,-1
151,PARA LLEVAR 750 GR,,,7,3. GELATO ARTESANAL,Compuesto,0,125,425,Exento,0,0,1,-2147483648,2147483647,1,0,-1
96,Producto de prueba,,,4,5. COMIDAS,Individual,0,0.01,0.1,ISV - 15%,0.15,0,0,-2147483648,2147483647,1,0,0
3,PRODUCTO EXTRA DE GELATO,,,1,4. GELATO PREMIUM,Compuesto,0,0,75,ISV - 15%,0.15,0,0,0,0,0,1,0
177,Quesadilla,,,4,5. COMIDAS,Individual,0,30,55,ISV - 15%,0.15,0,1,-2147483648,2147483647,1,0,-1
187,RAVIOLIS,,,4,5. COMIDAS,Individual,0,15,25,ISV - 15%,0.15,0,1,-2147483648,2147483647,1,0,-1
238,SALSA CHAMP E TARTUFO BIANCO VASO VETRO ML 580 - 510 G,,,11,RISTORIS,Individual,0,207,800,ISV - 15%,0.15,0,1,0,0,1,1,0
168,SHAKERATO,,,2,2. CAFE,Individual,0,40,150,ISV - 18%,0.18,0,1,0,0,1,1,0
167,TE CALIENTE,,,2,2. CAFE,Compuesto,0,11,40,Exento,0,0,1,0,0,1,1,1
92,TE FRIO,,,3,1. BEBIDAS,Individual,0,25,50,ISV - 15%,0.15,0,1,-2147483648,2147483647,1,0,-1
149,TO GO,,,7,3. GELATO ARTESANAL,Compuesto,0,65,250,Exento,0,0,1,-2147483648,2147483647,1,0,-1
141,TOPPING DE GELATO,,,1,4. GELATO PREMIUM,Individual,0,5,20,ISV - 15%,0.15,0,1,-2147483648,2147483647,1,0,-1
172,Topping Liquido,,,4,5. COMIDAS,Individual,0,30,50,ISV - 15%,0.15,0,1,-2147483648,2147483647,1,0,-1
186,TORTA DI GELATO,,,4,5. COMIDAS,Individual,0,60,100,ISV - 15%,0.15,0,1,-2147483648,2147483647,1,0,-1
